Origin Station,Destination Station,Distance Between Stations (km),Route Congestion,Weather Conditions,Travel Time (minutes),Delayed
Agra,Delhi,464,Medium,Clear,676.4,No
Kanpur,Agra,543,Low,Stormy,1049.43,Yes
Varanasi,Jaipur,424,Low,Stormy,813.78,Yes
Agra,Lucknow,184,High,Stormy,535.14,Yes
Delhi,Varanasi,255,High,Clear,467.92,Yes
Allahabad,Lucknow,194,Low,Foggy,327.27,Yes
Jaipur,Delhi,178,Low,Foggy,305.82,Yes
Allahabad,Delhi,732,Medium,Clear,1051.53,No
Kanpur,Jaipur,735,Medium,Clear,1063.77,No
Jaipur,Kanpur,534,Medium,Stormy,1231.87,Yes
Lucknow,Delhi,624,Medium,Clear,896.41,No
Delhi,Kanpur,219,Low,Clear,255.51,No
Jaipur,Delhi,136,Medium,Stormy,319.53,Yes
Jaipur,Varanasi,232,Medium,Rainy,424.35,Yes
Varanasi,Delhi,643,Medium,Clear,932.8,No
Lucknow,Agra,467,High,Clear,848.29,Yes
Allahabad,Lucknow,726,Medium,Clear,1046.23,No
Agra,Kanpur,462,Low,Stormy,880.16,Yes
Lucknow,Jaipur,321,Medium,Stormy,733.04,Yes
Varanasi,Lucknow,490,Low,Stormy,936.84,Yes
Kanpur,Allahabad,682,High,Stormy,1973.36,Yes
Kanpur,Delhi,744,High,Rainy,1747.95,Yes
Jaipur,Varanasi,421,Medium,Foggy,854.95,Yes
Allahabad,Varanasi,674,Low,Clear,816.92,No
Delhi,Lucknow,400,Low,Rainy,633.9,Yes
Varanasi,Lucknow,641,Low,Rainy,998.79,Yes
Kanpur,Agra,616,Low,Foggy,1025.94,Yes
Allahabad,Lucknow,330,Low,Clear,403.87,No
Lucknow,Delhi,696,Low,Rainy,1090.45,Yes
Delhi,Jaipur,200,High,Clear,358.94,Yes
Lucknow,Kanpur,463,Low,Stormy,888.55,Yes
Varanasi,Delhi,311,Medium,Rainy,582.0,Yes
Lucknow,Kanpur,373,Medium,Foggy,762.4,Yes
Agra,Jaipur,703,High,Stormy,2021.35,Yes
Varanasi,Agra,565,Medium,Clear,821.43,No
Jaipur,Delhi,116,Low,Clear,148.67,No
Lucknow,Varanasi,543,Medium,Rainy,1008.97,Yes
Allahabad,Varanasi,777,Medium,Stormy,1799.5,Yes
Jaipur,Kanpur,735,Medium,Rainy,1367.33,Yes
Jaipur,Kanpur,713,Medium,Clear,1019.13,No
Lucknow,Kanpur,459,Medium,Foggy,916.33,Yes
Allahabad,Lucknow,150,Medium,Stormy,340.68,Yes
Jaipur,Agra,611,Medium,Clear,887.92,No
Jaipur,Lucknow,249,Low,Foggy,409.93,Yes
Varanasi,Jaipur,345,Low,Stormy,661.35,Yes
Allahabad,Varanasi,749,Low,Foggy,1250.96,Yes
Lucknow,Varanasi,426,Medium,Foggy,866.48,Yes
Lucknow,Jaipur,487,Low,Rainy,757.4,Yes
Agra,Delhi,709,Medium,Rainy,1334.13,Yes
Varanasi,Agra,632,Low,Foggy,1065.08,Yes
Varanasi,Allahabad,700,High,Rainy,1645.47,Yes
Agra,Lucknow,276,Low,Foggy,455.4,Yes
Delhi,Kanpur,537,Medium,Foggy,1097.14,Yes
Jaipur,Agra,331,Low,Rainy,528.88,Yes
Varanasi,Kanpur,684,High,Rainy,1599.13,Yes
Allahabad,Kanpur,263,Low,Foggy,445.39,Yes
Allahabad,Delhi,629,Low,Rainy,977.06,Yes
Agra,Kanpur,684,Low,Stormy,1320.0,Yes
Jaipur,Varanasi,658,Low,Foggy,1115.16,Yes
Lucknow,Jaipur,700,High,Rainy,1650.44,Yes
Allahabad,Delhi,532,Low,Stormy,1035.88,Yes
Delhi,Lucknow,222,Medium,Clear,316.91,No
Kanpur,Jaipur,327,Low,Rainy,517.59,Yes
Delhi,Agra,509,Low,Foggy,845.27,Yes
Lucknow,Allahabad,723,Medium,Rainy,1353.36,Yes
Kanpur,Jaipur,210,High,Foggy,535.89,Yes
Agra,Kanpur,142,Low,Rainy,236.41,Yes
Delhi,Agra,374,Low,Rainy,591.64,Yes
Kanpur,Jaipur,638,Medium,Foggy,1292.68,Yes
Agra,Delhi,162,High,Foggy,413.47,Yes
Agra,Lucknow,414,High,Stormy,1190.3,Yes
Jaipur,Varanasi,778,High,Foggy,1951.36,Yes
Kanpur,Delhi,494,Medium,Rainy,932.07,Yes
Jaipur,Delhi,404,Medium,Clear,591.01,No
Varanasi,Jaipur,776,Medium,Foggy,1556.1,Yes
Agra,Varanasi,695,High,Foggy,1755.12,Yes
Varanasi,Kanpur,474,Low,Foggy,806.97,Yes
Allahabad,Jaipur,634,Medium,Rainy,1181.02,Yes
Delhi,Kanpur,160,Low,Stormy,313.07,Yes
Agra,Delhi,503,Low,Clear,611.26,No
Jaipur,Kanpur,690,Medium,Foggy,1381.1,Yes
Delhi,Varanasi,280,High,Foggy,716.09,Yes
Varanasi,Jaipur,357,High,Rainy,837.14,Yes
Agra,Jaipur,129,Medium,Clear,181.74,No
Kanpur,Delhi,560,Low,Foggy,935.31,Yes
Delhi,Varanasi,335,Medium,Foggy,683.55,Yes
Varanasi,Delhi,607,Medium,Stormy,1396.66,Yes
Agra,Kanpur,120,High,Foggy,310.36,Yes
Agra,Delhi,210,Medium,Foggy,425.15,Yes
Delhi,Varanasi,656,Low,Rainy,1037.63,Yes
Kanpur,Agra,279,Medium,Rainy,532.88,Yes
Lucknow,Agra,701,High,Foggy,1757.84,Yes
Kanpur,Allahabad,480,High,Rainy,1121.39,Yes
Lucknow,Jaipur,375,Low,Rainy,596.65,Yes
Allahabad,Kanpur,377,Low,Foggy,629.45,Yes
Lucknow,Kanpur,363,High,Rainy,843.35,Yes
Lucknow,Kanpur,224,High,Rainy,538.37,Yes
Varanasi,Lucknow,738,Low,Stormy,1407.44,Yes
Jaipur,Delhi,438,Medium,Stormy,1012.35,Yes
Kanpur,Lucknow,266,Low,Stormy,523.25,Yes
Agra,Allahabad,321,High,Foggy,806.05,Yes
Kanpur,Delhi,359,Medium,Stormy,820.83,Yes
Varanasi,Lucknow,109,Medium,Stormy,261.09,Yes
Lucknow,Delhi,673,High,Rainy,1583.35,Yes
Agra,Jaipur,353,High,Clear,636.8,Yes
Lucknow,Kanpur,248,Medium,Rainy,465.46,Yes
Kanpur,Allahabad,498,Medium,Clear,718.46,No
Jaipur,Allahabad,248,High,Rainy,584.96,Yes
Jaipur,Delhi,387,Medium,Stormy,903.88,Yes
Agra,Kanpur,345,Low,Stormy,654.53,Yes
Allahabad,Delhi,402,Medium,Rainy,751.34,Yes
Delhi,Allahabad,518,Medium,Rainy,971.77,Yes
Allahabad,Varanasi,611,High,Stormy,1760.62,Yes
Varanasi,Kanpur,240,Medium,Stormy,562.71,Yes
Lucknow,Varanasi,498,Low,Stormy,948.16,Yes
Allahabad,Agra,402,High,Foggy,1013.66,Yes
Lucknow,Delhi,279,Low,Clear,348.65,No
Agra,Lucknow,140,Low,Clear,165.82,No
Lucknow,Delhi,261,High,Clear,460.76,Yes
Varanasi,Kanpur,253,High,Foggy,648.71,Yes
Jaipur,Delhi,692,Medium,Clear,1009.85,No
Allahabad,Jaipur,506,Low,Rainy,801.11,Yes
Varanasi,Allahabad,292,Medium,Clear,416.09,No
Agra,Varanasi,351,High,Stormy,1025.78,Yes
Lucknow,Allahabad,316,High,Foggy,803.19,Yes
Delhi,Kanpur,705,Low,Stormy,1351.24,Yes
Kanpur,Varanasi,700,Medium,Rainy,1318.38,Yes
Agra,Kanpur,724,Medium,Clear,1039.03,No
Jaipur,Varanasi,762,Medium,Rainy,1423.11,Yes
Varanasi,Allahabad,385,Medium,Foggy,767.24,Yes
Jaipur,Lucknow,468,Low,Clear,574.79,No
Agra,Allahabad,421,High,Stormy,1226.23,Yes
Kanpur,Delhi,550,Medium,Foggy,1115.49,Yes
Agra,Jaipur,726,Medium,Rainy,1349.21,Yes
Jaipur,Agra,415,High,Rainy,970.77,Yes
Varanasi,Agra,459,Medium,Foggy,926.19,Yes
Agra,Jaipur,671,Medium,Rainy,1261.67,Yes
Lucknow,Allahabad,623,Low,Rainy,967.44,Yes
Varanasi,Jaipur,536,Low,Clear,654.87,No
Delhi,Kanpur,451,Medium,Stormy,1041.45,Yes
Varanasi,Kanpur,228,High,Foggy,576.66,Yes
Kanpur,Agra,524,Low,Stormy,1014.99,Yes
Jaipur,Kanpur,430,Medium,Stormy,987.09,Yes
Allahabad,Lucknow,207,Medium,Clear,302.52,No
Delhi,Jaipur,577,Medium,Foggy,1173.22,Yes
Jaipur,Lucknow,372,Low,Stormy,722.4,Yes
Jaipur,Varanasi,301,Low,Stormy,580.63,Yes
Jaipur,Delhi,422,Medium,Clear,602.89,No
Lucknow,Delhi,190,Medium,Clear,276.26,No
Agra,Jaipur,558,Medium,Rainy,1046.21,Yes
Delhi,Jaipur,726,High,Foggy,1827.05,Yes
Lucknow,Kanpur,394,Low,Clear,471.88,No
Allahabad,Jaipur,149,Low,Stormy,293.68,Yes
Kanpur,Delhi,394,High,Foggy,1005.11,Yes
Lucknow,Delhi,123,Medium,Clear,170.39,No
Delhi,Jaipur,638,Medium,Clear,931.37,No
Delhi,Kanpur,174,Medium,Rainy,336.3,Yes
Agra,Kanpur,428,Low,Foggy,719.27,Yes
Kanpur,Agra,407,High,Rainy,948.75,Yes
Kanpur,Delhi,720,High,Stormy,2071.81,Yes
Agra,Varanasi,797,High,Stormy,2299.84,Yes
Lucknow,Agra,761,High,Stormy,2198.46,Yes
Delhi,Lucknow,652,High,Stormy,1871.42,Yes
Agra,Lucknow,140,Medium,Stormy,321.09,Yes
Varanasi,Lucknow,240,Medium,Clear,353.81,No
Varanasi,Agra,675,High,Stormy,1957.36,Yes
Allahabad,Varanasi,480,Low,Stormy,932.81,Yes
Lucknow,Kanpur,527,High,Stormy,1530.52,Yes
Delhi,Agra,621,High,Stormy,1780.51,Yes
Kanpur,Agra,432,High,Foggy,1097.58,Yes
Allahabad,Kanpur,254,Low,Rainy,403.9,Yes
Allahabad,Varanasi,119,Medium,Stormy,264.23,Yes
Varanasi,Agra,248,Low,Clear,308.5,No
Lucknow,Jaipur,427,Medium,Foggy,851.1,Yes
Agra,Jaipur,345,Low,Rainy,545.76,Yes
Kanpur,Varanasi,276,Medium,Foggy,561.18,Yes
Allahabad,Varanasi,159,High,Foggy,394.04,Yes
Agra,Jaipur,636,High,Stormy,1828.05,Yes
Jaipur,Varanasi,597,Low,Stormy,1140.01,Yes
Lucknow,Allahabad,563,Medium,Rainy,1048.14,Yes
Delhi,Agra,238,High,Rainy,571.11,Yes
Delhi,Allahabad,130,Low,Clear,152.57,No
Delhi,Varanasi,257,Low,Clear,306.57,No
Lucknow,Jaipur,749,Medium,Rainy,1407.46,Yes
Agra,Varanasi,520,Low,Stormy,996.65,Yes
Agra,Allahabad,235,High,Foggy,604.84,Yes
Lucknow,Varanasi,638,High,Stormy,1848.61,Yes
Varanasi,Allahabad,482,Low,Clear,573.4,No
Lucknow,Delhi,457,Low,Foggy,778.93,Yes
Delhi,Agra,598,Low,Clear,731.15,No
Agra,Jaipur,532,Low,Foggy,897.84,Yes
Agra,Kanpur,397,High,Clear,708.39,Yes
Jaipur,Delhi,172,Medium,Rainy,333.34,Yes
Delhi,Allahabad,755,Low,Stormy,1442.4,Yes
Kanpur,Varanasi,595,Low,Stormy,1150.07,Yes
Allahabad,Varanasi,507,Medium,Clear,725.97,No
Agra,Delhi,211,Medium,Stormy,499.05,Yes
Kanpur,Delhi,508,Medium,Stormy,1167.47,Yes
Kanpur,Agra,718,High,Foggy,1816.49,Yes
Agra,Lucknow,746,Low,Stormy,1437.23,Yes
Varanasi,Agra,519,Medium,Clear,750.15,No
Kanpur,Allahabad,237,Medium,Foggy,472.5,Yes
Varanasi,Agra,178,Medium,Clear,260.34,No
Varanasi,Allahabad,215,High,Stormy,614.11,Yes
Jaipur,Agra,500,Low,Rainy,777.8,Yes
Varanasi,Kanpur,175,Medium,Foggy,360.38,Yes
Lucknow,Allahabad,138,High,Stormy,411.04,Yes
Delhi,Agra,120,Medium,Rainy,238.77,Yes
Kanpur,Agra,211,High,Rainy,502.56,Yes
Jaipur,Delhi,430,Medium,Clear,630.39,No
Agra,Allahabad,431,High,Stormy,1252.72,Yes
Delhi,Kanpur,783,High,Stormy,2251.66,Yes
Allahabad,Jaipur,134,Low,Clear,163.04,No
Delhi,Jaipur,254,High,Stormy,734.88,Yes
Varanasi,Agra,489,Medium,Clear,708.74,No
Agra,Kanpur,486,High,Rainy,1131.98,Yes
Jaipur,Kanpur,508,Low,Rainy,801.7,Yes
Allahabad,Delhi,267,Low,Stormy,509.77,Yes
Agra,Varanasi,208,Medium,Clear,313.63,Yes
Delhi,Jaipur,346,Low,Rainy,531.99,Yes
Lucknow,Varanasi,159,High,Clear,294.56,Yes
Delhi,Agra,493,High,Foggy,1233.69,Yes
Agra,Allahabad,473,High,Rainy,1098.81,Yes
Delhi,Allahabad,778,Low,Foggy,1314.11,Yes
Allahabad,Kanpur,349,Medium,Stormy,814.8,Yes
Jaipur,Varanasi,314,Low,Clear,383.16,No
Delhi,Kanpur,642,Low,Stormy,1245.04,Yes
Allahabad,Delhi,325,Medium,Clear,461.38,No
Lucknow,Jaipur,542,Low,Clear,641.26,No
Delhi,Lucknow,647,Low,Stormy,1237.11,Yes
Delhi,Jaipur,197,Low,Clear,245.46,No
Lucknow,Kanpur,112,Low,Stormy,227.29,Yes
Kanpur,Varanasi,322,High,Rainy,752.14,Yes
Allahabad,Agra,668,Low,Stormy,1289.73,Yes
Allahabad,Lucknow,532,High,Foggy,1333.21,Yes
Allahabad,Kanpur,133,Medium,Foggy,266.1,Yes
Jaipur,Delhi,277,Medium,Foggy,570.54,Yes
Varanasi,Kanpur,796,Medium,Rainy,1488.07,Yes
Jaipur,Varanasi,625,High,Foggy,1569.73,Yes
Kanpur,Varanasi,737,Medium,Clear,1057.28,No
Varanasi,Jaipur,587,Low,Stormy,1124.98,Yes
Jaipur,Agra,550,High,Clear,986.07,Yes
Delhi,Kanpur,697,Low,Rainy,1098.55,Yes
Lucknow,Agra,465,Low,Stormy,904.82,Yes
Allahabad,Lucknow,699,Low,Foggy,1170.66,Yes
Jaipur,Allahabad,173,High,Foggy,449.22,Yes
Lucknow,Jaipur,121,Medium,Foggy,239.04,Yes
Kanpur,Varanasi,179,Low,Rainy,271.61,Yes
Delhi,Allahabad,681,Medium,Stormy,1565.51,Yes
Varanasi,Agra,333,Low,Stormy,642.94,Yes
Agra,Lucknow,687,High,Rainy,1620.48,Yes
Kanpur,Allahabad,125,Low,Stormy,245.62,Yes
Varanasi,Jaipur,487,High,Rainy,1135.26,Yes
Kanpur,Varanasi,236,Low,Foggy,395.83,Yes
Allahabad,Kanpur,788,High,Clear,1431.17,Yes
Delhi,Agra,685,High,Foggy,1731.14,Yes
Delhi,Agra,266,Low,Clear,325.4,No
Kanpur,Allahabad,523,Low,Stormy,997.09,Yes
Allahabad,Agra,403,High,Stormy,1166.73,Yes
Varanasi,Jaipur,457,Medium,Clear,669.26,No
Jaipur,Agra,734,High,Clear,1332.86,Yes
Allahabad,Kanpur,317,High,Stormy,915.09,Yes
Varanasi,Delhi,363,High,Rainy,842.79,Yes
Allahabad,Varanasi,105,High,Rainy,253.42,Yes
Kanpur,Lucknow,421,Medium,Clear,602.03,No
Jaipur,Allahabad,344,Low,Rainy,543.82,Yes
Varanasi,Allahabad,354,Low,Stormy,688.36,Yes
Allahabad,Jaipur,751,Low,Clear,908.06,No
Kanpur,Delhi,306,Low,Clear,380.08,No
Allahabad,Lucknow,635,High,Foggy,1610.9,Yes
Lucknow,Agra,358,High,Stormy,1038.43,Yes
Varanasi,Allahabad,768,High,Stormy,2208.65,Yes
Delhi,Varanasi,134,Low,Rainy,215.52,Yes
Kanpur,Varanasi,435,Low,Foggy,727.82,Yes
Agra,Kanpur,118,Low,Foggy,190.66,Yes
Agra,Lucknow,789,Medium,Clear,1130.89,No
Jaipur,Agra,768,Medium,Rainy,1445.24,Yes
Lucknow,Delhi,572,Low,Rainy,905.4,Yes
Allahabad,Delhi,750,High,Foggy,1902.95,Yes
Agra,Allahabad,577,Low,Stormy,1110.46,Yes
Allahabad,Jaipur,176,High,Stormy,506.35,Yes
Kanpur,Delhi,568,High,Stormy,1633.1,Yes
Jaipur,Lucknow,457,Low,Rainy,714.55,Yes
Delhi,Varanasi,645,High,Foggy,1618.07,Yes
Allahabad,Agra,305,High,Clear,544.11,Yes
Jaipur,Lucknow,227,High,Stormy,651.05,Yes
Agra,Delhi,354,High,Stormy,1019.84,Yes
Lucknow,Delhi,614,High,Stormy,1763.1,Yes
Lucknow,Jaipur,526,Low,Clear,641.4,No
Lucknow,Agra,449,Medium,Clear,642.59,No
Agra,Allahabad,266,High,Clear,473.57,Yes
Varanasi,Delhi,200,Low,Stormy,390.42,Yes
Allahabad,Lucknow,156,Medium,Foggy,328.29,Yes
Kanpur,Agra,355,Medium,Rainy,664.34,Yes
Jaipur,Delhi,216,High,Clear,381.82,Yes
Allahabad,Lucknow,185,Low,Stormy,369.48,Yes
Allahabad,Jaipur,140,Low,Rainy,220.18,Yes
Delhi,Jaipur,767,High,Rainy,1788.52,Yes
Varanasi,Agra,628,High,Rainy,1483.12,Yes
Lucknow,Varanasi,692,High,Rainy,1617.47,Yes
Kanpur,Allahabad,612,High,Foggy,1542.17,Yes
Lucknow,Delhi,779,Medium,Stormy,1798.38,Yes
Agra,Varanasi,428,Low,Rainy,668.81,Yes
Varanasi,Allahabad,655,Low,Foggy,1110.42,Yes
Delhi,Lucknow,640,High,Foggy,1618.11,Yes
Jaipur,Varanasi,206,Low,Foggy,351.63,Yes
Allahabad,Delhi,238,Medium,Stormy,561.13,Yes
Kanpur,Allahabad,228,High,Foggy,568.31,Yes
Varanasi,Agra,670,Low,Foggy,1134.73,Yes
Varanasi,Delhi,580,Low,Clear,709.78,No
Agra,Jaipur,368,Low,Rainy,587.37,Yes
Allahabad,Lucknow,659,Medium,Stormy,1523.05,Yes
Allahabad,Jaipur,197,High,Rainy,462.88,Yes
Kanpur,Allahabad,633,Low,Rainy,985.88,Yes
Varanasi,Jaipur,506,High,Foggy,1284.4,Yes
Lucknow,Kanpur,306,Low,Clear,380.15,No
Jaipur,Agra,658,Low,Foggy,1099.17,Yes
Varanasi,Jaipur,276,Low,Rainy,436.85,Yes
Lucknow,Delhi,651,Medium,Rainy,1233.29,Yes
Jaipur,Agra,423,Low,Stormy,826.41,Yes
Allahabad,Lucknow,692,Medium,Foggy,1398.13,Yes
Delhi,Allahabad,127,Low,Stormy,255.65,Yes
Delhi,Jaipur,616,Medium,Rainy,1153.05,Yes
Delhi,Varanasi,504,Low,Foggy,838.89,Yes
Varanasi,Kanpur,350,High,Foggy,893.48,Yes
Lucknow,Kanpur,508,High,Clear,921.98,Yes
Delhi,Lucknow,226,High,Rainy,519.9,Yes
Delhi,Agra,700,High,Stormy,2030.8,Yes
Delhi,Allahabad,646,Medium,Foggy,1310.26,Yes
Allahabad,Kanpur,373,High,Stormy,1082.87,Yes
Lucknow,Kanpur,263,High,Stormy,766.8,Yes
Kanpur,Varanasi,747,High,Rainy,1743.88,Yes
Kanpur,Allahabad,628,High,Clear,1123.92,Yes
Agra,Jaipur,232,Low,Stormy,440.39,Yes
Varanasi,Lucknow,783,Medium,Rainy,1469.66,Yes
Lucknow,Allahabad,656,Medium,Rainy,1219.56,Yes
Agra,Kanpur,331,High,Foggy,837.52,Yes
Varanasi,Kanpur,469,Medium,Foggy,946.97,Yes
Allahabad,Agra,278,Medium,Foggy,556.11,Yes
Lucknow,Varanasi,279,High,Foggy,712.32,Yes
Lucknow,Jaipur,718,Low,Clear,857.15,No
Varanasi,Delhi,395,Low,Foggy,668.5,Yes
Delhi,Jaipur,763,Medium,Clear,1099.9,No
Jaipur,Agra,641,Medium,Stormy,1474.07,Yes
Jaipur,Agra,414,Low,Stormy,800.44,Yes
Allahabad,Kanpur,676,High,Foggy,1708.02,Yes
Jaipur,Kanpur,338,Medium,Rainy,637.6,Yes
Varanasi,Kanpur,740,Medium,Rainy,1389.2,Yes
Lucknow,Allahabad,290,Medium,Foggy,589.93,Yes
Kanpur,Lucknow,554,High,Rainy,1286.55,Yes
Delhi,Jaipur,323,High,Clear,593.2,Yes
Agra,Varanasi,147,Medium,Clear,208.23,No
Allahabad,Jaipur,187,High,Clear,336.04,Yes
Agra,Jaipur,647,Low,Stormy,1238.73,Yes
Allahabad,Lucknow,126,Low,Foggy,223.11,Yes
Jaipur,Delhi,316,Medium,Rainy,602.74,Yes
Lucknow,Allahabad,695,Low,Clear,847.89,No
Varanasi,Allahabad,474,Medium,Foggy,945.83,Yes
Delhi,Varanasi,119,Medium,Rainy,215.17,Yes
Lucknow,Jaipur,716,Medium,Clear,1026.34,No
Lucknow,Varanasi,156,High,Stormy,454.4,Yes
Kanpur,Delhi,250,Low,Rainy,394.81,Yes
Agra,Lucknow,129,High,Stormy,371.47,Yes
Agra,Delhi,661,Low,Clear,787.21,No
Varanasi,Kanpur,340,Medium,Clear,500.21,No
Agra,Allahabad,457,Medium,Stormy,1053.49,Yes
Delhi,Kanpur,119,High,Rainy,286.02,Yes
Allahabad,Agra,628,High,Foggy,1579.54,Yes
Jaipur,Kanpur,700,Medium,Foggy,1407.6,Yes
Kanpur,Varanasi,650,Medium,Foggy,1302.47,Yes
Varanasi,Kanpur,793,Low,Foggy,1344.12,Yes
Agra,Kanpur,252,Low,Foggy,422.23,Yes
Varanasi,Agra,504,Low,Stormy,962.69,Yes
Allahabad,Agra,118,Medium,Rainy,213.89,Yes
Agra,Kanpur,117,Low,Clear,149.43,No
Kanpur,Varanasi,323,Low,Rainy,494.74,Yes
Allahabad,Kanpur,275,High,Foggy,705.26,Yes
Kanpur,Agra,335,Low,Foggy,575.24,Yes
Agra,Lucknow,388,High,Clear,691.55,Yes
Jaipur,Agra,666,High,Foggy,1690.15,Yes
Jaipur,Allahabad,528,High,Foggy,1330.75,Yes
Jaipur,Lucknow,692,High,Clear,1253.96,Yes
Jaipur,Lucknow,369,Medium,Rainy,695.9,Yes
Agra,Lucknow,570,High,Stormy,1654.76,Yes
Agra,Varanasi,381,Low,Rainy,600.38,Yes
Delhi,Jaipur,291,Low,Clear,340.04,No
Kanpur,Agra,624,High,Rainy,1456.95,Yes
Jaipur,Agra,174,Medium,Clear,258.41,No
Agra,Delhi,623,High,Clear,1123.41,Yes
Lucknow,Allahabad,357,Medium,Clear,515.03,No
Varanasi,Allahabad,100,High,Foggy,245.38,Yes
Kanpur,Varanasi,798,Low,Stormy,1544.16,Yes
Kanpur,Jaipur,797,High,Foggy,2020.08,Yes
Agra,Delhi,563,High,Clear,1021.88,Yes
Allahabad,Jaipur,285,High,Clear,517.94,Yes
Kanpur,Agra,682,Medium,Rainy,1281.94,Yes
Kanpur,Delhi,342,Medium,Stormy,783.79,Yes
Agra,Allahabad,703,Low,Rainy,1104.45,Yes
Kanpur,Delhi,745,Low,Stormy,1422.96,Yes
Agra,Jaipur,787,Medium,Rainy,1481.45,Yes
Jaipur,Kanpur,628,Low,Rainy,990.87,Yes
Varanasi,Delhi,369,Medium,Foggy,755.68,Yes
Varanasi,Jaipur,760,High,Rainy,1774.44,Yes
Varanasi,Allahabad,139,High,Foggy,360.03,Yes
Delhi,Kanpur,286,High,Rainy,670.07,Yes
Agra,Allahabad,617,High,Clear,1113.53,Yes
Kanpur,Jaipur,364,Medium,Clear,534.46,No
Agra,Lucknow,167,Medium,Foggy,339.71,Yes
Jaipur,Delhi,794,High,Stormy,2293.63,Yes
Delhi,Lucknow,152,Medium,Rainy,296.96,Yes
Varanasi,Jaipur,549,Low,Foggy,933.19,Yes
Lucknow,Allahabad,346,Low,Rainy,547.27,Yes
Varanasi,Jaipur,794,Low,Stormy,1538.93,Yes
Agra,Kanpur,631,High,Foggy,1595.94,Yes
Agra,Varanasi,506,High,Foggy,1272.52,Yes
Agra,Varanasi,652,High,Stormy,1871.96,Yes
Agra,Allahabad,295,Low,Foggy,506.36,Yes
Allahabad,Agra,133,High,Clear,232.95,Yes
Varanasi,Jaipur,685,High,Foggy,1722.52,Yes
Kanpur,Delhi,231,High,Foggy,585.44,Yes
Lucknow,Allahabad,269,Low,Clear,336.96,No
Jaipur,Allahabad,484,High,Clear,884.21,Yes
Delhi,Agra,289,High,Clear,523.17,Yes
Lucknow,Varanasi,763,Medium,Stormy,1750.9,Yes
Lucknow,Kanpur,392,Low,Clear,479.67,No
Kanpur,Delhi,640,Low,Clear,768.37,No
Jaipur,Lucknow,429,Medium,Rainy,817.09,Yes
Kanpur,Allahabad,304,Medium,Clear,429.43,No
Kanpur,Allahabad,136,Low,Stormy,265.58,Yes
Lucknow,Kanpur,551,High,Clear,998.16,Yes
Kanpur,Delhi,576,High,Foggy,1455.02,Yes
Lucknow,Allahabad,316,Low,Foggy,526.4,Yes
Lucknow,Kanpur,445,High,Foggy,1129.6,Yes
Jaipur,Varanasi,688,Medium,Foggy,1383.93,Yes
Lucknow,Delhi,639,Low,Foggy,1067.84,Yes
Kanpur,Agra,796,Low,Rainy,1233.54,Yes
Allahabad,Kanpur,435,Medium,Stormy,995.92,Yes
Kanpur,Jaipur,765,High,Clear,1388.78,Yes
Varanasi,Kanpur,353,High,Rainy,818.57,Yes
Agra,Lucknow,166,Low,Clear,213.68,No
Delhi,Jaipur,561,High,Stormy,1615.22,Yes
Kanpur,Lucknow,603,Medium,Rainy,1120.29,Yes
Allahabad,Delhi,580,High,Rainy,1364.98,Yes
Jaipur,Agra,316,Low,Clear,383.01,No
Delhi,Jaipur,408,Medium,Stormy,933.76,Yes
Varanasi,Agra,756,Low,Stormy,1464.56,Yes
Lucknow,Allahabad,516,Medium,Clear,733.34,No
Jaipur,Agra,351,Low,Foggy,603.64,Yes
Kanpur,Jaipur,526,Low,Rainy,811.0,Yes
Allahabad,Kanpur,488,Medium,Clear,704.62,No
Agra,Lucknow,321,Medium,Rainy,592.28,Yes
Jaipur,Kanpur,360,High,Clear,657.42,Yes
Agra,Lucknow,617,Low,Rainy,970.29,Yes
Lucknow,Varanasi,466,High,Foggy,1164.78,Yes
Lucknow,Agra,231,Medium,Foggy,457.57,Yes
Kanpur,Lucknow,392,High,Rainy,928.9,Yes
Allahabad,Agra,726,Medium,Foggy,1464.06,Yes
Agra,Delhi,300,Low,Foggy,499.5,Yes
Delhi,Agra,393,Low,Clear,476.0,No
Lucknow,Varanasi,519,High,Foggy,1314.7,Yes
Kanpur,Jaipur,402,Low,Rainy,625.05,Yes
Lucknow,Allahabad,184,High,Foggy,466.17,Yes
Jaipur,Kanpur,463,High,Clear,833.2,Yes
Kanpur,Agra,281,Low,Stormy,540.95,Yes
Allahabad,Agra,111,Medium,Foggy,236.27,Yes
Allahabad,Lucknow,285,Low,Foggy,469.83,Yes
Agra,Kanpur,415,High,Rainy,965.67,Yes
Allahabad,Lucknow,462,Medium,Stormy,1066.31,Yes
Delhi,Kanpur,566,Medium,Stormy,1302.83,Yes
Jaipur,Kanpur,133,High,Clear,233.79,Yes
Jaipur,Kanpur,238,Low,Foggy,402.24,Yes
Kanpur,Delhi,254,Low,Clear,316.21,No
Varanasi,Agra,360,High,Clear,648.97,Yes
Delhi,Allahabad,296,High,Clear,525.85,Yes
Varanasi,Jaipur,170,High,Foggy,432.12,Yes
Kanpur,Jaipur,636,High,Rainy,1500.2,Yes
Jaipur,Lucknow,250,Low,Stormy,487.6,Yes
Allahabad,Lucknow,435,Low,Clear,521.74,No
Allahabad,Jaipur,673,Medium,Clear,983.27,No
Varanasi,Lucknow,590,Medium,Clear,860.19,No
Lucknow,Allahabad,561,Medium,Rainy,1054.38,Yes
Lucknow,Varanasi,601,Medium,Foggy,1205.74,Yes
Varanasi,Agra,348,Low,Foggy,578.62,Yes
Allahabad,Lucknow,165,High,Clear,301.67,Yes
Jaipur,Kanpur,508,Medium,Stormy,1172.95,Yes
Delhi,Kanpur,509,High,Foggy,1282.2,Yes
Lucknow,Allahabad,666,Low,Stormy,1276.36,Yes
Jaipur,Allahabad,690,High,Clear,1256.51,Yes
Delhi,Jaipur,635,Medium,Foggy,1292.9,Yes
Agra,Lucknow,784,Low,Rainy,1222.94,Yes
Allahabad,Delhi,412,Medium,Stormy,940.73,Yes
Lucknow,Varanasi,361,High,Foggy,901.5,Yes
Allahabad,Kanpur,176,High,Clear,327.56,Yes
Jaipur,Varanasi,786,High,Rainy,1851.8,Yes
Varanasi,Delhi,752,Low,Stormy,1448.73,Yes
Varanasi,Jaipur,548,Medium,Rainy,1025.14,Yes
Lucknow,Delhi,192,High,Foggy,486.53,Yes
Jaipur,Kanpur,331,Medium,Stormy,759.45,Yes
Jaipur,Delhi,633,Low,Foggy,1073.8,Yes
Varanasi,Delhi,495,High,Rainy,1170.52,Yes
Allahabad,Lucknow,472,High,Clear,859.14,Yes
Varanasi,Kanpur,501,Medium,Foggy,1010.68,Yes
Jaipur,Varanasi,512,Low,Stormy,975.6,Yes
Allahabad,Varanasi,198,High,Stormy,583.29,Yes
Kanpur,Lucknow,737,Low,Clear,881.75,No
Kanpur,Delhi,499,Medium,Clear,718.92,No
Allahabad,Agra,369,Medium,Clear,539.12,No
Delhi,Varanasi,730,High,Rainy,1703.8,Yes
Jaipur,Varanasi,373,Low,Rainy,580.08,Yes
Delhi,Agra,602,Medium,Rainy,1127.16,Yes
Jaipur,Lucknow,755,Low,Foggy,1271.72,Yes
Jaipur,Varanasi,574,Medium,Stormy,1314.98,Yes
Jaipur,Varanasi,712,Low,Rainy,1118.98,Yes
Kanpur,Allahabad,388,Low,Stormy,755.42,Yes
Kanpur,Lucknow,288,Low,Foggy,478.92,Yes
Kanpur,Allahabad,758,Medium,Stormy,1743.43,Yes
Kanpur,Agra,793,Low,Stormy,1518.55,Yes
Varanasi,Lucknow,643,Low,Rainy,1015.84,Yes
Kanpur,Jaipur,668,High,Foggy,1686.86,Yes
Varanasi,Kanpur,674,Medium,Rainy,1257.54,Yes
Allahabad,Kanpur,647,Medium,Stormy,1491.94,Yes
Varanasi,Delhi,314,High,Foggy,801.7,Yes
Jaipur,Delhi,551,Low,Foggy,919.4,Yes
Jaipur,Lucknow,628,Low,Foggy,1068.67,Yes
Agra,Lucknow,510,High,Foggy,1295.72,Yes
Varanasi,Delhi,210,High,Clear,379.26,Yes
Lucknow,Allahabad,594,Medium,Foggy,1193.63,Yes
Lucknow,Kanpur,431,High,Stormy,1246.87,Yes
Lucknow,Agra,796,High,Clear,1433.4,Yes
Kanpur,Delhi,162,Low,Clear,189.43,No
Lucknow,Allahabad,121,High,Foggy,308.47,Yes
Lucknow,Agra,279,Medium,Stormy,650.05,Yes
Lucknow,Kanpur,167,Medium,Rainy,319.01,Yes
Kanpur,Delhi,518,Medium,Foggy,1052.33,Yes
Agra,Jaipur,460,High,Stormy,1331.89,Yes
Agra,Jaipur,499,Medium,Clear,720.18,No
Jaipur,Agra,720,Low,Clear,873.22,No
Jaipur,Delhi,638,Medium,Stormy,1474.64,Yes
Varanasi,Kanpur,173,Low,Rainy,281.02,Yes
Lucknow,Kanpur,400,High,Clear,734.96,Yes
Agra,Varanasi,157,Low,Rainy,247.44,Yes
Agra,Allahabad,532,Medium,Foggy,1080.24,Yes
Delhi,Varanasi,258,High,Stormy,744.18,Yes
Lucknow,Kanpur,479,Low,Stormy,921.1,Yes
Jaipur,Allahabad,264,High,Rainy,621.84,Yes
Allahabad,Delhi,477,Low,Stormy,910.31,Yes
Kanpur,Lucknow,395,Medium,Rainy,731.28,Yes
Varanasi,Allahabad,553,High,Clear,1001.1,Yes
Allahabad,Agra,294,High,Foggy,738.88,Yes
Delhi,Jaipur,799,Medium,Stormy,1854.06,Yes
Varanasi,Allahabad,696,Medium,Stormy,1614.29,Yes
Allahabad,Agra,277,Low,Rainy,424.09,Yes
Jaipur,Kanpur,573,High,Foggy,1447.53,Yes
Jaipur,Kanpur,577,Medium,Clear,825.67,No
Kanpur,Varanasi,672,High,Stormy,1936.98,Yes
Allahabad,Jaipur,751,Medium,Stormy,1740.1,Yes
Kanpur,Delhi,753,High,Rainy,1768.28,Yes
Agra,Varanasi,118,Low,Rainy,195.21,Yes
Kanpur,Varanasi,675,Low,Clear,801.55,No
Allahabad,Lucknow,699,Low,Clear,851.75,No
Delhi,Agra,117,High,Clear,223.06,Yes
Lucknow,Varanasi,525,Low,Rainy,828.97,Yes
Agra,Allahabad,633,Low,Stormy,1213.12,Yes
Delhi,Jaipur,725,Medium,Foggy,1461.24,Yes
Allahabad,Agra,416,Low,Foggy,695.48,Yes
Jaipur,Agra,500,Low,Stormy,967.69,Yes
Agra,Lucknow,542,Low,Clear,640.69,No
Lucknow,Agra,401,High,Foggy,1000.94,Yes
Jaipur,Kanpur,217,Low,Foggy,372.39,Yes
Agra,Kanpur,365,Medium,Rainy,683.21,Yes
Varanasi,Jaipur,563,Medium,Rainy,1058.18,Yes
Delhi,Kanpur,240,Medium,Clear,338.06,No
Agra,Jaipur,284,Low,Rainy,438.57,Yes
Agra,Kanpur,734,Medium,Clear,1061.51,No
Agra,Jaipur,616,Low,Rainy,969.29,Yes
Jaipur,Delhi,410,High,Clear,736.54,Yes
Lucknow,Delhi,258,Medium,Stormy,591.74,Yes
Kanpur,Jaipur,796,Low,Foggy,1344.75,Yes
Jaipur,Varanasi,162,High,Clear,290.61,Yes
Jaipur,Agra,761,Medium,Stormy,1762.69,Yes
Lucknow,Delhi,219,Medium,Stormy,506.95,Yes
Agra,Varanasi,776,Medium,Clear,1110.4,No
Kanpur,Varanasi,105,Low,Clear,129.24,No
Jaipur,Delhi,196,High,Stormy,562.76,Yes
Agra,Lucknow,730,Medium,Stormy,1694.25,Yes
Jaipur,Agra,119,Low,Rainy,183.48,Yes
Delhi,Varanasi,576,Medium,Rainy,1070.86,Yes
Allahabad,Kanpur,149,Medium,Clear,219.4,No
Kanpur,Jaipur,735,Low,Foggy,1230.99,Yes
Delhi,Jaipur,636,Medium,Rainy,1193.92,Yes
Agra,Delhi,343,Medium,Foggy,693.37,Yes
Agra,Lucknow,558,Low,Foggy,934.41,Yes
Allahabad,Lucknow,336,Low,Foggy,576.63,Yes
Agra,Lucknow,368,Low,Rainy,581.82,Yes
Delhi,Lucknow,671,Medium,Rainy,1251.79,Yes
Allahabad,Delhi,468,High,Rainy,1094.85,Yes
Jaipur,Agra,389,High,Stormy,1117.72,Yes
Jaipur,Kanpur,369,Low,Rainy,575.76,Yes
Jaipur,Kanpur,757,Low,Rainy,1177.11,Yes
Delhi,Lucknow,478,Medium,Foggy,971.4,Yes
Kanpur,Agra,254,High,Stormy,735.68,Yes
Allahabad,Lucknow,466,High,Foggy,1188.23,Yes
Jaipur,Delhi,693,High,Foggy,1741.94,Yes
Lucknow,Allahabad,598,Medium,Stormy,1382.71,Yes
Allahabad,Delhi,126,High,Rainy,286.45,Yes
Lucknow,Delhi,156,High,Clear,288.77,Yes
Jaipur,Delhi,301,Medium,Clear,425.32,No
Kanpur,Varanasi,280,Medium,Clear,399.84,No
Kanpur,Delhi,630,Medium,Rainy,1173.75,Yes
Kanpur,Varanasi,673,Low,Clear,805.12,No
Allahabad,Jaipur,691,Medium,Stormy,1601.1,Yes
Varanasi,Kanpur,181,Medium,Rainy,329.7,Yes
Jaipur,Lucknow,470,High,Foggy,1188.63,Yes
Kanpur,Agra,296,High,Stormy,851.61,Yes
Agra,Kanpur,675,High,Rainy,1572.16,Yes
Jaipur,Kanpur,130,Low,Rainy,209.25,Yes
Allahabad,Delhi,370,High,Rainy,867.44,Yes
Jaipur,Lucknow,517,Medium,Rainy,966.08,Yes
Delhi,Varanasi,109,Low,Stormy,223.16,Yes
Varanasi,Delhi,164,Medium,Stormy,379.97,Yes
Allahabad,Lucknow,490,Medium,Stormy,1124.98,Yes
Delhi,Varanasi,242,Low,Stormy,461.44,Yes
Delhi,Varanasi,742,Low,Foggy,1252.25,Yes
Allahabad,Agra,739,Low,Stormy,1428.73,Yes
Kanpur,Allahabad,619,High,Clear,1105.19,Yes
Jaipur,Kanpur,214,Medium,Stormy,493.85,Yes
Delhi,Allahabad,128,Medium,Foggy,266.2,Yes
Agra,Varanasi,351,Low,Rainy,542.62,Yes
Kanpur,Allahabad,734,Medium,Foggy,1485.1,Yes
Lucknow,Agra,619,Medium,Clear,887.02,No
Delhi,Jaipur,422,Low,Clear,501.67,No
Kanpur,Lucknow,129,Medium,Clear,195.17,Yes
Agra,Delhi,500,High,Clear,904.86,Yes
Kanpur,Varanasi,262,Medium,Stormy,596.04,Yes
Varanasi,Jaipur,482,High,Foggy,1221.2,Yes
Allahabad,Varanasi,568,Low,Stormy,1105.09,Yes
Kanpur,Delhi,689,Medium,Foggy,1396.43,Yes
Agra,Varanasi,431,Low,Stormy,822.14,Yes
Varanasi,Delhi,680,Medium,Rainy,1277.11,Yes
Lucknow,Delhi,323,Low,Stormy,625.64,Yes
Delhi,Jaipur,506,Low,Clear,607.85,No
Varanasi,Allahabad,713,Medium,Foggy,1440.24,Yes
Agra,Delhi,281,Low,Clear,345.41,No
Varanasi,Kanpur,730,Medium,Stormy,1681.29,Yes
Allahabad,Lucknow,259,Medium,Rainy,487.25,Yes
Lucknow,Delhi,752,Medium,Foggy,1524.75,Yes
Agra,Varanasi,151,High,Clear,262.51,Yes
Varanasi,Allahabad,387,High,Rainy,910.44,Yes
Delhi,Agra,502,Low,Clear,606.87,No
Jaipur,Kanpur,422,Low,Stormy,800.61,Yes
Jaipur,Varanasi,517,High,Clear,938.75,Yes
Delhi,Jaipur,599,Low,Foggy,1001.41,Yes
Varanasi,Jaipur,732,Medium,Rainy,1365.54,Yes
Varanasi,Allahabad,737,Low,Foggy,1244.59,Yes
Agra,Lucknow,235,Medium,Rainy,445.13,Yes
Kanpur,Delhi,710,High,Clear,1268.42,Yes
Agra,Jaipur,239,Low,Rainy,381.77,Yes
Kanpur,Lucknow,416,Medium,Stormy,968.21,Yes
Kanpur,Jaipur,254,Low,Stormy,490.23,Yes
Lucknow,Agra,631,Medium,Stormy,1456.27,Yes
Lucknow,Varanasi,591,High,Foggy,1486.31,Yes
Delhi,Allahabad,508,Low,Rainy,798.5,Yes
Lucknow,Varanasi,139,High,Clear,257.01,Yes
Jaipur,Delhi,798,Low,Rainy,1255.53,Yes
Lucknow,Kanpur,365,High,Rainy,847.76,Yes
Agra,Kanpur,439,High,Clear,788.9,Yes
Lucknow,Jaipur,538,High,Stormy,1543.12,Yes
Jaipur,Lucknow,256,High,Foggy,641.74,Yes
Kanpur,Allahabad,136,Medium,Clear,200.35,No
Varanasi,Kanpur,345,Low,Stormy,667.8,Yes
Kanpur,Delhi,416,High,Foggy,1054.24,Yes
Jaipur,Varanasi,156,High,Clear,278.15,Yes
Varanasi,Allahabad,708,High,Rainy,1668.19,Yes
Lucknow,Delhi,150,Medium,Stormy,354.68,Yes
Lucknow,Allahabad,114,High,Rainy,269.2,Yes
Allahabad,Agra,105,Medium,Rainy,197.69,Yes
Kanpur,Allahabad,287,Medium,Stormy,660.88,Yes
Delhi,Kanpur,256,Low,Foggy,423.44,Yes
Lucknow,Agra,646,High,Rainy,1502.22,Yes
Allahabad,Jaipur,768,Medium,Foggy,1542.3,Yes
Delhi,Jaipur,263,Medium,Stormy,618.58,Yes
Varanasi,Jaipur,146,Medium,Stormy,343.25,Yes
Varanasi,Allahabad,671,High,Clear,1211.31,Yes
Allahabad,Jaipur,296,Medium,Foggy,595.68,Yes
Allahabad,Varanasi,235,Medium,Foggy,464.63,Yes
Agra,Allahabad,347,Medium,Rainy,658.31,Yes
Agra,Allahabad,193,High,Rainy,466.45,Yes
Varanasi,Kanpur,773,Low,Stormy,1497.3,Yes
Kanpur,Agra,364,High,Stormy,1060.39,Yes
Jaipur,Lucknow,598,High,Clear,1070.97,Yes
Agra,Varanasi,778,Low,Rainy,1227.76,Yes
Kanpur,Agra,201,High,Rainy,468.85,Yes
Kanpur,Varanasi,481,High,Foggy,1216.69,Yes
Agra,Jaipur,161,High,Foggy,397.45,Yes
Delhi,Allahabad,498,Low,Foggy,836.28,Yes
Allahabad,Lucknow,235,Medium,Clear,337.12,No
Varanasi,Agra,170,Low,Stormy,337.99,Yes
Jaipur,Delhi,465,Low,Foggy,793.33,Yes
Varanasi,Agra,547,Medium,Clear,784.66,No
Allahabad,Agra,261,High,Rainy,616.5,Yes
Kanpur,Allahabad,389,High,Rainy,907.75,Yes
Delhi,Varanasi,792,Low,Foggy,1330.76,Yes
Agra,Jaipur,435,High,Foggy,1106.42,Yes
Agra,Allahabad,713,Low,Stormy,1379.23,Yes
Agra,Lucknow,171,Medium,Rainy,312.09,Yes
Varanasi,Kanpur,426,High,Clear,773.56,Yes
Agra,Lucknow,649,Medium,Stormy,1500.13,Yes
Allahabad,Varanasi,112,High,Stormy,318.29,Yes
Delhi,Agra,552,High,Rainy,1298.58,Yes
Kanpur,Allahabad,459,Low,Clear,556.98,No
Jaipur,Varanasi,180,Medium,Rainy,333.74,Yes
Agra,Kanpur,262,Medium,Rainy,483.01,Yes
Delhi,Allahabad,407,Low,Rainy,648.36,Yes
Jaipur,Varanasi,108,High,Foggy,277.84,Yes
Delhi,Allahabad,441,Medium,Foggy,891.15,Yes
Delhi,Agra,123,Low,Rainy,196.47,Yes
Delhi,Jaipur,650,Low,Rainy,1010.12,Yes
Agra,Kanpur,328,Medium,Clear,483.56,No
Agra,Allahabad,283,High,Foggy,713.89,Yes
Lucknow,Varanasi,531,Medium,Clear,764.37,No
Agra,Delhi,367,High,Stormy,1054.04,Yes
Varanasi,Delhi,622,Low,Rainy,973.17,Yes
Allahabad,Kanpur,173,Medium,Clear,259.84,Yes
Lucknow,Allahabad,337,Medium,Rainy,636.02,Yes
Allahabad,Varanasi,618,High,Rainy,1442.3,Yes
Jaipur,Varanasi,745,High,Stormy,2137.11,Yes
Kanpur,Agra,118,Medium,Clear,166.94,No
Allahabad,Kanpur,274,Low,Rainy,419.38,Yes
Kanpur,Allahabad,424,High,Stormy,1216.29,Yes
Delhi,Kanpur,297,Medium,Rainy,558.4,Yes
Varanasi,Kanpur,642,Medium,Stormy,1472.56,Yes
Allahabad,Varanasi,760,High,Stormy,2193.26,Yes
Agra,Varanasi,387,High,Foggy,974.1,Yes
Kanpur,Agra,259,Low,Clear,319.53,No
Agra,Delhi,196,Medium,Foggy,406.01,Yes
Kanpur,Jaipur,608,Medium,Rainy,1129.72,Yes
Varanasi,Lucknow,164,Medium,Stormy,386.5,Yes
Delhi,Varanasi,272,Medium,Clear,395.68,No
Kanpur,Delhi,498,Medium,Foggy,1012.38,Yes
Allahabad,Jaipur,217,Low,Stormy,424.04,Yes
Jaipur,Allahabad,190,High,Clear,356.18,Yes
Lucknow,Delhi,750,Low,Foggy,1259.55,Yes
Allahabad,Jaipur,763,High,Stormy,2192.07,Yes
Allahabad,Varanasi,654,Low,Clear,796.17,No
Lucknow,Varanasi,465,Low,Clear,552.37,No
Allahabad,Lucknow,467,Low,Rainy,722.33,Yes
Agra,Lucknow,399,High,Foggy,998.14,Yes
Kanpur,Lucknow,382,Low,Rainy,607.9,Yes
Allahabad,Lucknow,688,Low,Clear,825.53,No
Delhi,Kanpur,713,High,Clear,1273.67,Yes
Allahabad,Agra,493,Medium,Clear,702.13,No
Kanpur,Delhi,677,Medium,Rainy,1271.4,Yes
Lucknow,Jaipur,561,High,Rainy,1311.41,Yes
Lucknow,Agra,774,High,Rainy,1805.78,Yes
Lucknow,Varanasi,699,Medium,Clear,1006.66,No
Varanasi,Allahabad,108,High,Stormy,311.62,Yes
Allahabad,Agra,766,Low,Rainy,1206.18,Yes
Jaipur,Varanasi,481,Medium,Stormy,1112.09,Yes
Jaipur,Lucknow,661,High,Stormy,1912.09,Yes
Allahabad,Agra,658,Low,Clear,790.18,No
Delhi,Jaipur,274,Low,Rainy,442.34,Yes
Kanpur,Agra,674,Low,Foggy,1135.06,Yes
Agra,Varanasi,169,Medium,Stormy,403.54,Yes
Kanpur,Agra,665,High,Clear,1187.62,Yes
Agra,Jaipur,207,Low,Foggy,347.92,Yes
Kanpur,Delhi,218,Medium,Rainy,413.28,Yes
Allahabad,Jaipur,423,High,Foggy,1077.71,Yes
Varanasi,Agra,327,Medium,Rainy,617.97,Yes
Varanasi,Agra,103,Low,Rainy,171.9,Yes
Varanasi,Lucknow,537,Medium,Foggy,1081.58,Yes
Delhi,Jaipur,177,Medium,Rainy,344.59,Yes
Kanpur,Lucknow,438,High,Foggy,1101.53,Yes
Lucknow,Jaipur,327,Low,Stormy,619.41,Yes
Jaipur,Lucknow,685,Low,Stormy,1323.26,Yes
Varanasi,Delhi,497,High,Rainy,1153.31,Yes
Delhi,Agra,756,Low,Clear,898.21,No
Varanasi,Jaipur,250,High,Foggy,622.51,Yes
Delhi,Allahabad,710,High,Foggy,1785.35,Yes
Jaipur,Lucknow,387,Low,Stormy,734.94,Yes
Lucknow,Varanasi,670,Low,Clear,807.94,No
Varanasi,Lucknow,682,High,Clear,1217.72,Yes
Allahabad,Kanpur,190,High,Stormy,537.56,Yes
Jaipur,Kanpur,560,Low,Rainy,869.23,Yes
Delhi,Varanasi,568,Medium,Foggy,1145.82,Yes
Agra,Varanasi,132,High,Foggy,329.41,Yes
Jaipur,Agra,782,Medium,Rainy,1454.27,Yes
Lucknow,Delhi,609,High,Foggy,1534.68,Yes
Agra,Jaipur,451,Medium,Rainy,836.61,Yes
Lucknow,Kanpur,168,Medium,Rainy,307.18,Yes
Allahabad,Delhi,265,Low,Clear,308.45,No
Delhi,Jaipur,582,Low,Clear,708.02,No
Varanasi,Kanpur,214,High,Rainy,506.27,Yes
Allahabad,Lucknow,191,High,Stormy,544.01,Yes
Lucknow,Varanasi,689,High,Rainy,1619.62,Yes
Lucknow,Kanpur,361,Medium,Stormy,842.88,Yes
Delhi,Allahabad,177,High,Foggy,447.18,Yes
Kanpur,Delhi,367,Low,Stormy,703.77,Yes
Agra,Delhi,485,Low,Rainy,765.39,Yes
Kanpur,Agra,270,High,Stormy,788.09,Yes
Delhi,Allahabad,113,Medium,Stormy,257.81,Yes
Allahabad,Varanasi,516,Medium,Foggy,1045.6,Yes
Lucknow,Delhi,622,High,Stormy,1793.21,Yes
Kanpur,Delhi,529,High,Stormy,1517.39,Yes
Allahabad,Agra,134,Low,Stormy,268.53,Yes
Varanasi,Lucknow,490,Medium,Stormy,1140.29,Yes
Varanasi,Delhi,556,High,Foggy,1404.2,Yes
Agra,Allahabad,497,Low,Clear,604.65,No
Allahabad,Varanasi,214,Medium,Rainy,408.47,Yes
Varanasi,Agra,508,High,Foggy,1280.62,Yes
Kanpur,Agra,134,High,Foggy,337.57,Yes
Kanpur,Delhi,131,Low,Stormy,253.38,Yes
Delhi,Kanpur,729,High,Clear,1306.61,Yes
Agra,Jaipur,781,High,Foggy,1975.27,Yes
Allahabad,Jaipur,471,Medium,Rainy,890.08,Yes
Lucknow,Kanpur,381,High,Clear,681.8,Yes
Lucknow,Agra,685,Medium,Stormy,1583.43,Yes
Varanasi,Jaipur,667,Low,Foggy,1131.52,Yes
Delhi,Jaipur,624,Medium,Rainy,1177.14,Yes
Agra,Allahabad,552,Medium,Clear,800.47,No
Agra,Lucknow,483,Low,Stormy,927.1,Yes
Allahabad,Agra,485,High,Foggy,1224.31,Yes
Kanpur,Lucknow,575,Medium,Stormy,1330.41,Yes
Jaipur,Agra,321,Low,Rainy,496.23,Yes
Kanpur,Agra,548,High,Clear,984.78,Yes
Allahabad,Varanasi,352,Medium,Clear,500.16,No
Allahabad,Varanasi,108,Medium,Foggy,229.14,Yes
Agra,Kanpur,673,Low,Foggy,1126.66,Yes
Allahabad,Varanasi,345,Low,Stormy,667.26,Yes
Agra,Jaipur,536,High,Stormy,1546.86,Yes
Jaipur,Allahabad,460,Medium,Clear,667.6,No
Delhi,Varanasi,539,High,Foggy,1357.79,Yes
Agra,Allahabad,616,Low,Rainy,959.06,Yes
Jaipur,Varanasi,290,Medium,Foggy,587.83,Yes
Kanpur,Lucknow,626,Medium,Foggy,1266.32,Yes
Varanasi,Delhi,557,Medium,Rainy,1034.93,Yes
Jaipur,Delhi,438,High,Stormy,1253.46,Yes
Agra,Delhi,676,Medium,Clear,978.57,No
Jaipur,Kanpur,682,Medium,Rainy,1285.53,Yes
Kanpur,Delhi,168,Medium,Foggy,339.54,Yes
Kanpur,Jaipur,702,High,Rainy,1657.17,Yes
Lucknow,Varanasi,325,Medium,Foggy,650.14,Yes
Delhi,Allahabad,666,High,Clear,1208.85,Yes
Varanasi,Kanpur,565,High,Clear,1010.05,Yes
Lucknow,Agra,102,High,Rainy,233.77,Yes
Agra,Allahabad,446,Medium,Foggy,892.2,Yes
Lucknow,Delhi,327,Medium,Stormy,750.54,Yes
Kanpur,Agra,163,High,Rainy,383.97,Yes
Kanpur,Lucknow,172,Medium,Clear,241.94,No
Jaipur,Agra,695,High,Foggy,1748.31,Yes
Delhi,Lucknow,403,Medium,Stormy,920.18,Yes
Delhi,Allahabad,572,Medium,Foggy,1145.11,Yes
Lucknow,Delhi,138,Low,Foggy,225.68,Yes
Allahabad,Agra,702,Low,Rainy,1099.91,Yes
Lucknow,Kanpur,584,Low,Stormy,1117.26,Yes
Jaipur,Varanasi,439,High,Clear,795.21,Yes
Varanasi,Allahabad,103,Medium,Stormy,246.16,Yes
Kanpur,Allahabad,210,Medium,Stormy,497.6,Yes
Varanasi,Jaipur,266,High,Foggy,678.59,Yes
Delhi,Varanasi,440,High,Clear,785.67,Yes
Agra,Lucknow,495,Low,Stormy,947.57,Yes
Delhi,Allahabad,154,High,Foggy,388.94,Yes
Lucknow,Delhi,224,High,Clear,395.57,Yes
Jaipur,Kanpur,161,Low,Rainy,254.43,Yes
Lucknow,Allahabad,474,Medium,Clear,675.93,No
Jaipur,Varanasi,434,High,Foggy,1104.37,Yes
Delhi,Allahabad,380,High,Clear,684.59,Yes
Agra,Lucknow,479,Low,Rainy,749.39,Yes
Varanasi,Delhi,773,High,Foggy,1938.46,Yes
Delhi,Kanpur,571,Low,Foggy,972.03,Yes
Agra,Kanpur,681,Low,Foggy,1143.13,Yes
Varanasi,Kanpur,248,High,Rainy,572.74,Yes
Agra,Lucknow,643,High,Stormy,1862.79,Yes
Delhi,Jaipur,294,High,Foggy,742.84,Yes
Varanasi,Delhi,632,High,Clear,1142.22,Yes
Varanasi,Lucknow,420,High,Clear,756.96,Yes
Kanpur,Jaipur,166,Low,Stormy,324.87,Yes
Jaipur,Lucknow,338,Medium,Rainy,631.82,Yes
Kanpur,Delhi,639,High,Clear,1148.0,Yes
Allahabad,Lucknow,220,Low,Rainy,334.93,Yes
Jaipur,Agra,619,High,Stormy,1785.16,Yes
Kanpur,Jaipur,557,Low,Rainy,863.68,Yes
Allahabad,Lucknow,755,Medium,Foggy,1536.21,Yes
Allahabad,Lucknow,586,Medium,Clear,845.01,No
Agra,Jaipur,503,Low,Rainy,795.62,Yes
Allahabad,Lucknow,727,Medium,Stormy,1669.96,Yes
Delhi,Allahabad,739,Medium,Rainy,1396.86,Yes
Kanpur,Agra,317,Medium,Stormy,725.57,Yes
Varanasi,Jaipur,263,Medium,Foggy,535.74,Yes
Jaipur,Lucknow,494,High,Rainy,1151.66,Yes
Agra,Lucknow,353,High,Foggy,903.56,Yes
Allahabad,Lucknow,529,Low,Foggy,888.55,Yes
Varanasi,Kanpur,226,Low,Foggy,388.96,Yes
Delhi,Kanpur,433,Low,Foggy,718.98,Yes
Lucknow,Allahabad,163,Low,Clear,193.32,No
Kanpur,Allahabad,586,High,Rainy,1362.18,Yes
Delhi,Kanpur,261,High,Clear,476.58,Yes
Kanpur,Agra,471,High,Foggy,1185.71,Yes
Kanpur,Agra,424,High,Foggy,1077.81,Yes
Allahabad,Kanpur,563,High,Foggy,1414.09,Yes
Varanasi,Jaipur,679,Medium,Rainy,1271.07,Yes
Varanasi,Delhi,272,Low,Clear,318.93,No
Jaipur,Lucknow,196,Low,Clear,237.37,No
Lucknow,Allahabad,364,Low,Clear,438.93,No
Delhi,Lucknow,626,Low,Clear,749.13,No
Kanpur,Delhi,374,High,Foggy,944.42,Yes
Kanpur,Jaipur,301,Low,Clear,360.83,No
Kanpur,Allahabad,598,Low,Stormy,1154.12,Yes
Jaipur,Agra,569,Medium,Stormy,1321.21,Yes
Delhi,Lucknow,250,High,Clear,456.2,Yes
Allahabad,Lucknow,123,High,Rainy,302.41,Yes
Kanpur,Delhi,313,Low,Clear,381.69,No
Varanasi,Lucknow,128,Low,Rainy,194.1,Yes
Jaipur,Agra,721,Medium,Stormy,1674.86,Yes
Varanasi,Agra,314,High,Rainy,732.5,Yes
Varanasi,Jaipur,662,High,Stormy,1898.46,Yes
Allahabad,Delhi,277,Low,Foggy,466.24,Yes
Delhi,Allahabad,466,High,Rainy,1098.7,Yes
Varanasi,Kanpur,373,High,Stormy,1075.32,Yes
Kanpur,Lucknow,331,Low,Rainy,519.6,Yes
Allahabad,Lucknow,349,Low,Stormy,674.33,Yes
Lucknow,Allahabad,311,Low,Stormy,594.71,Yes
Kanpur,Allahabad,254,High,Stormy,729.98,Yes
Delhi,Jaipur,620,Low,Clear,757.76,No
Delhi,Allahabad,168,High,Foggy,430.49,Yes
Jaipur,Allahabad,202,Medium,Rainy,387.39,Yes
Kanpur,Delhi,664,Medium,Clear,954.23,No
Agra,Lucknow,652,Medium,Stormy,1494.77,Yes
Jaipur,Lucknow,297,High,Clear,536.7,Yes
Agra,Lucknow,662,Low,Rainy,1034.28,Yes
Kanpur,Agra,576,Low,Stormy,1111.64,Yes
Kanpur,Agra,675,Medium,Stormy,1569.88,Yes
Lucknow,Delhi,300,Medium,Rainy,567.55,Yes
Agra,Kanpur,511,High,Foggy,1295.18,Yes
Lucknow,Allahabad,401,Medium,Clear,586.43,No
Kanpur,Lucknow,553,Medium,Clear,796.8,No
Delhi,Varanasi,763,Medium,Stormy,1763.14,Yes
Delhi,Varanasi,697,High,Clear,1269.5,Yes
Allahabad,Varanasi,260,Low,Clear,321.99,No
Varanasi,Agra,122,Low,Clear,146.9,No
Lucknow,Jaipur,799,High,Foggy,2019.37,Yes
Kanpur,Varanasi,752,Medium,Stormy,1725.29,Yes
Kanpur,Agra,423,High,Foggy,1073.87,Yes
Varanasi,Kanpur,725,Low,Foggy,1220.68,Yes
Varanasi,Kanpur,551,Low,Rainy,865.27,Yes
Agra,Lucknow,735,Low,Clear,874.74,No
Delhi,Lucknow,149,High,Stormy,425.37,Yes
Lucknow,Varanasi,126,High,Foggy,310.0,Yes
Kanpur,Varanasi,333,High,Rainy,787.15,Yes
Kanpur,Agra,780,High,Rainy,1835.93,Yes
Delhi,Jaipur,476,High,Rainy,1107.82,Yes
Allahabad,Varanasi,141,Low,Foggy,228.15,Yes
Delhi,Lucknow,427,Low,Foggy,723.15,Yes
Allahabad,Lucknow,221,High,Foggy,560.76,Yes
Allahabad,Varanasi,118,Low,Rainy,176.35,No
Kanpur,Allahabad,705,Low,Stormy,1367.5,Yes
Kanpur,Delhi,699,High,Rainy,1642.69,Yes
Varanasi,Delhi,725,Medium,Foggy,1458.09,Yes
Agra,Allahabad,767,Medium,Stormy,1781.72,Yes
Jaipur,Allahabad,546,High,Rainy,1269.79,Yes
Varanasi,Lucknow,684,Low,Foggy,1142.1,Yes
Lucknow,Varanasi,338,Medium,Clear,490.83,No
Lucknow,Delhi,408,Medium,Stormy,942.11,Yes
Delhi,Agra,696,Low,Foggy,1160.44,Yes
Varanasi,Jaipur,695,High,Clear,1252.5,Yes
Delhi,Varanasi,152,Low,Clear,192.69,No
Kanpur,Varanasi,103,Low,Stormy,194.53,Yes
Delhi,Kanpur,512,Low,Foggy,851.17,Yes
Agra,Lucknow,505,Low,Foggy,852.28,Yes
Agra,Kanpur,460,Medium,Rainy,851.58,Yes
Jaipur,Allahabad,724,High,Rainy,1696.02,Yes
Allahabad,Varanasi,251,Low,Stormy,494.66,Yes
Delhi,Agra,581,Medium,Stormy,1348.19,Yes
Varanasi,Agra,413,High,Rainy,958.94,Yes
Kanpur,Allahabad,362,Low,Clear,442.33,No
Allahabad,Lucknow,433,High,Stormy,1251.44,Yes
Varanasi,Lucknow,777,Low,Rainy,1219.77,Yes
Delhi,Kanpur,308,Low,Rainy,473.89,Yes
Varanasi,Kanpur,168,Low,Stormy,327.01,Yes
Allahabad,Lucknow,420,Medium,Rainy,777.12,Yes
Varanasi,Lucknow,765,High,Clear,1384.96,Yes
Varanasi,Lucknow,782,High,Clear,1413.65,Yes
Delhi,Agra,135,Low,Clear,171.37,No
Allahabad,Lucknow,381,Medium,Clear,546.03,No
Lucknow,Allahabad,772,Low,Rainy,1212.82,Yes
Jaipur,Agra,303,Low,Foggy,508.94,Yes
Jaipur,Delhi,781,Low,Rainy,1224.28,Yes
Allahabad,Delhi,356,Low,Rainy,557.37,Yes
Varanasi,Agra,150,Low,Rainy,232.99,Yes
Agra,Allahabad,240,Medium,Foggy,478.91,Yes
Kanpur,Agra,389,Medium,Foggy,797.81,Yes
Varanasi,Delhi,642,High,Clear,1168.65,Yes
Delhi,Allahabad,631,Low,Foggy,1060.86,Yes
Allahabad,Varanasi,569,High,Foggy,1447.63,Yes
Varanasi,Kanpur,183,Low,Rainy,294.99,Yes
Agra,Delhi,192,Medium,Rainy,371.91,Yes
Delhi,Allahabad,539,Medium,Foggy,1100.11,Yes
Jaipur,Lucknow,659,High,Foggy,1651.52,Yes
Lucknow,Kanpur,690,High,Stormy,1986.31,Yes
Agra,Delhi,455,Low,Rainy,714.31,Yes
Agra,Lucknow,322,High,Stormy,926.03,Yes
Allahabad,Lucknow,515,Low,Foggy,867.13,Yes
Lucknow,Delhi,700,Medium,Stormy,1614.31,Yes
Allahabad,Agra,744,Low,Stormy,1422.76,Yes
Kanpur,Jaipur,496,Medium,Clear,721.47,No
Varanasi,Allahabad,400,Low,Rainy,614.3,Yes
Delhi,Varanasi,542,Low,Foggy,917.79,Yes
Agra,Varanasi,737,High,Rainy,1736.2,Yes
Allahabad,Jaipur,469,Medium,Foggy,941.24,Yes
Allahabad,Varanasi,410,Low,Foggy,684.91,Yes
Agra,Delhi,594,Medium,Stormy,1370.94,Yes
Kanpur,Delhi,738,Low,Stormy,1426.17,Yes
Allahabad,Agra,408,Medium,Clear,596.53,No
Lucknow,Kanpur,759,Low,Stormy,1469.09,Yes
Kanpur,Lucknow,688,Low,Rainy,1077.41,Yes
Kanpur,Allahabad,570,Low,Rainy,879.46,Yes
Kanpur,Jaipur,185,Medium,Foggy,377.35,Yes
Kanpur,Agra,637,High,Foggy,1617.92,Yes
Kanpur,Allahabad,430,Low,Stormy,817.54,Yes
Agra,Lucknow,414,Medium,Stormy,965.58,Yes
Agra,Delhi,244,High,Foggy,616.82,Yes
Allahabad,Delhi,220,High,Rainy,508.5,Yes
Lucknow,Kanpur,523,Low,Clear,626.82,No
Allahabad,Lucknow,289,Medium,Rainy,546.44,Yes
Delhi,Allahabad,248,High,Stormy,725.97,Yes
Lucknow,Agra,618,High,Clear,1114.52,Yes
Delhi,Kanpur,796,High,Stormy,2289.15,Yes
Varanasi,Lucknow,568,High,Clear,1026.67,Yes
Lucknow,Kanpur,410,Low,Foggy,700.93,Yes
Allahabad,Kanpur,261,Medium,Stormy,610.99,Yes
Agra,Lucknow,274,Low,Stormy,531.26,Yes
Varanasi,Lucknow,622,High,Rainy,1457.79,Yes
Delhi,Kanpur,644,High,Foggy,1627.58,Yes
Varanasi,Agra,725,Medium,Rainy,1361.96,Yes
Lucknow,Jaipur,638,Medium,Stormy,1464.72,Yes
Agra,Kanpur,462,Low,Stormy,889.32,Yes
Varanasi,Lucknow,796,Low,Clear,964.49,No
Lucknow,Varanasi,353,High,Rainy,824.59,Yes
Jaipur,Delhi,346,Medium,Stormy,792.0,Yes
Lucknow,Delhi,455,Medium,Clear,646.55,No
Kanpur,Varanasi,308,High,Rainy,730.4,Yes
Jaipur,Agra,342,High,Rainy,802.79,Yes
Delhi,Kanpur,304,High,Clear,546.01,Yes
Kanpur,Varanasi,470,High,Foggy,1178.26,Yes
Jaipur,Varanasi,361,Low,Clear,441.57,No
Kanpur,Jaipur,242,Low,Stormy,457.62,Yes
Allahabad,Delhi,525,Low,Foggy,886.51,Yes
Lucknow,Jaipur,756,High,Clear,1371.42,Yes
Agra,Varanasi,283,Low,Rainy,434.37,Yes
Allahabad,Varanasi,101,Low,Clear,128.99,No
Jaipur,Varanasi,453,Low,Stormy,872.42,Yes
Delhi,Varanasi,258,Medium,Foggy,522.17,Yes
Varanasi,Jaipur,142,High,Clear,262.94,Yes
Agra,Kanpur,173,Low,Clear,205.99,No
Jaipur,Allahabad,133,Medium,Rainy,247.08,Yes
Jaipur,Delhi,180,High,Rainy,435.75,Yes
Delhi,Lucknow,533,High,Clear,954.11,Yes
Lucknow,Agra,625,Medium,Clear,894.74,No
Agra,Kanpur,733,Low,Stormy,1402.97,Yes
Kanpur,Lucknow,490,Low,Stormy,935.95,Yes
Agra,Allahabad,329,High,Foggy,821.55,Yes
Varanasi,Agra,226,Low,Rainy,366.87,Yes
Lucknow,Agra,233,High,Rainy,538.11,Yes
Varanasi,Jaipur,445,High,Rainy,1036.57,Yes
Delhi,Kanpur,180,Low,Stormy,357.56,Yes
Lucknow,Delhi,165,Medium,Foggy,334.71,Yes
Allahabad,Jaipur,696,Low,Rainy,1090.9,Yes
Delhi,Kanpur,624,Medium,Foggy,1248.85,Yes
Lucknow,Varanasi,750,Medium,Stormy,1736.4,Yes
Jaipur,Allahabad,754,Medium,Rainy,1416.87,Yes
Kanpur,Lucknow,470,High,Foggy,1196.91,Yes
Kanpur,Lucknow,546,High,Stormy,1577.02,Yes
Jaipur,Allahabad,611,Low,Clear,735.01,No
Kanpur,Allahabad,741,High,Foggy,1867.45,Yes
Delhi,Allahabad,425,Low,Rainy,656.33,Yes
Agra,Varanasi,790,Medium,Foggy,1586.75,Yes
Lucknow,Agra,635,Low,Foggy,1058.56,Yes
Jaipur,Varanasi,660,Medium,Rainy,1228.72,Yes
Delhi,Varanasi,238,High,Foggy,591.07,Yes
Kanpur,Jaipur,525,Medium,Stormy,1210.82,Yes
Allahabad,Jaipur,573,Medium,Foggy,1160.68,Yes
Jaipur,Delhi,549,Medium,Clear,802.39,No
Lucknow,Allahabad,438,High,Stormy,1267.08,Yes
Lucknow,Varanasi,447,Medium,Foggy,901.15,Yes
Kanpur,Lucknow,180,Low,Stormy,347.75,Yes
Varanasi,Kanpur,147,Low,Rainy,229.51,Yes
Lucknow,Kanpur,157,Low,Clear,181.7,No
Kanpur,Delhi,238,Medium,Rainy,455.14,Yes
Jaipur,Kanpur,600,Low,Clear,721.07,No
Kanpur,Jaipur,287,High,Stormy,822.84,Yes
Varanasi,Lucknow,189,Low,Foggy,322.01,Yes
Agra,Varanasi,355,Low,Rainy,565.88,Yes
Allahabad,Delhi,739,High,Rainy,1744.08,Yes
Varanasi,Kanpur,622,High,Foggy,1573.17,Yes
Kanpur,Agra,459,Low,Stormy,880.55,Yes
Allahabad,Lucknow,681,Low,Rainy,1068.56,Yes
Allahabad,Kanpur,267,High,Clear,475.55,Yes
Varanasi,Allahabad,690,Medium,Rainy,1302.31,Yes
Allahabad,Jaipur,623,Low,Foggy,1039.18,Yes
Agra,Jaipur,247,Medium,Clear,357.84,No
Agra,Delhi,601,Low,Foggy,1018.13,Yes
Jaipur,Allahabad,265,High,Rainy,627.12,Yes
Allahabad,Lucknow,736,High,Clear,1327.28,Yes
Jaipur,Kanpur,679,Medium,Foggy,1373.75,Yes
Jaipur,Allahabad,396,Low,Foggy,677.89,Yes
Jaipur,Allahabad,374,Low,Stormy,730.98,Yes
Delhi,Lucknow,423,High,Clear,759.31,Yes
Kanpur,Agra,652,High,Foggy,1648.52,Yes
Agra,Allahabad,765,Low,Rainy,1197.99,Yes
Allahabad,Agra,155,High,Foggy,384.25,Yes
Kanpur,Jaipur,521,High,Clear,934.98,Yes
Jaipur,Delhi,562,Low,Clear,676.91,No
Lucknow,Kanpur,211,Low,Stormy,407.36,Yes
Jaipur,Varanasi,466,High,Rainy,1104.26,Yes
Allahabad,Jaipur,753,Medium,Foggy,1513.19,Yes
Jaipur,Allahabad,704,Medium,Clear,1011.65,No
Agra,Delhi,272,Medium,Clear,393.16,No
Lucknow,Allahabad,381,Low,Clear,464.31,No
Lucknow,Kanpur,407,Low,Rainy,649.15,Yes
Kanpur,Allahabad,424,High,Stormy,1235.2,Yes
Lucknow,Jaipur,766,Medium,Stormy,1760.15,Yes
Kanpur,Jaipur,771,High,Clear,1385.39,Yes
Jaipur,Lucknow,615,Medium,Foggy,1252.44,Yes
Delhi,Lucknow,384,Low,Foggy,659.95,Yes
Varanasi,Lucknow,542,Medium,Rainy,1022.03,Yes
Delhi,Allahabad,566,Medium,Foggy,1152.63,Yes
Allahabad,Lucknow,158,Low,Clear,180.62,No
Kanpur,Lucknow,163,Low,Stormy,322.65,Yes
Kanpur,Delhi,531,Low,Clear,640.86,No
Lucknow,Allahabad,248,High,Clear,446.95,Yes
Delhi,Kanpur,146,High,Stormy,429.36,Yes
Delhi,Kanpur,327,Medium,Foggy,668.95,Yes
Jaipur,Varanasi,108,High,Foggy,271.62,Yes
Jaipur,Kanpur,365,High,Clear,664.09,Yes
Agra,Varanasi,609,High,Foggy,1535.69,Yes
Varanasi,Lucknow,347,Medium,Clear,502.18,No
Delhi,Kanpur,477,Medium,Rainy,901.79,Yes
Varanasi,Agra,217,Medium,Clear,326.26,Yes
Jaipur,Lucknow,232,High,Foggy,588.85,Yes
Delhi,Kanpur,276,High,Foggy,706.06,Yes
Kanpur,Agra,377,Low,Stormy,715.97,Yes
Agra,Jaipur,467,Medium,Rainy,870.9,Yes
Lucknow,Jaipur,162,High,Clear,282.91,Yes
Varanasi,Allahabad,420,Medium,Rainy,797.39,Yes
Lucknow,Allahabad,578,Medium,Clear,825.74,No
Jaipur,Varanasi,587,Medium,Rainy,1104.86,Yes
Agra,Varanasi,800,Low,Stormy,1545.89,Yes
Delhi,Jaipur,320,Low,Rainy,507.39,Yes
Agra,Delhi,741,High,Foggy,1881.08,Yes
Delhi,Lucknow,370,Medium,Rainy,707.28,Yes
Lucknow,Delhi,258,Medium,Stormy,588.76,Yes
Delhi,Kanpur,265,Low,Stormy,512.44,Yes
Allahabad,Varanasi,535,Low,Stormy,1021.8,Yes
Jaipur,Lucknow,510,Low,Rainy,791.03,Yes
Lucknow,Jaipur,360,Low,Stormy,698.22,Yes
Kanpur,Agra,247,Medium,Clear,360.15,No
Allahabad,Delhi,651,Medium,Clear,936.46,No
Allahabad,Agra,198,Low,Stormy,392.09,Yes
Jaipur,Allahabad,774,Medium,Foggy,1563.21,Yes
Lucknow,Delhi,694,Low,Foggy,1174.35,Yes
Jaipur,Kanpur,187,High,Rainy,451.4,Yes
Lucknow,Agra,349,Medium,Clear,505.66,No
Lucknow,Jaipur,326,High,Foggy,818.06,Yes
Agra,Allahabad,614,High,Stormy,1773.76,Yes
Lucknow,Jaipur,217,Low,Clear,258.69,No
Allahabad,Jaipur,585,Medium,Clear,836.38,No
Jaipur,Delhi,253,Low,Foggy,422.46,Yes
Jaipur,Agra,375,High,Foggy,939.7,Yes
Allahabad,Jaipur,594,Medium,Foggy,1197.3,Yes
Lucknow,Jaipur,391,Medium,Foggy,796.95,Yes
Varanasi,Agra,110,Low,Foggy,197.61,Yes
Jaipur,Kanpur,639,Low,Rainy,993.89,Yes
Lucknow,Varanasi,361,High,Foggy,913.7,Yes
Delhi,Lucknow,650,Medium,Clear,944.06,No
Jaipur,Allahabad,237,Medium,Foggy,486.36,Yes
Kanpur,Delhi,517,High,Rainy,1209.24,Yes
Varanasi,Jaipur,520,High,Stormy,1498.74,Yes
Jaipur,Allahabad,670,Medium,Foggy,1361.36,Yes
Lucknow,Jaipur,439,Medium,Foggy,893.31,Yes
Agra,Delhi,299,Low,Foggy,499.19,Yes
Jaipur,Kanpur,590,Low,Stormy,1128.67,Yes
Varanasi,Jaipur,605,High,Foggy,1529.79,Yes
Kanpur,Jaipur,225,Medium,Foggy,447.6,Yes
Varanasi,Agra,233,High,Foggy,600.93,Yes
Delhi,Jaipur,170,High,Clear,303.32,Yes
Delhi,Kanpur,210,Medium,Rainy,388.59,Yes
Kanpur,Delhi,599,Low,Stormy,1146.99,Yes
Varanasi,Allahabad,306,Medium,Stormy,698.03,Yes
Agra,Allahabad,369,Low,Foggy,625.37,Yes
Lucknow,Allahabad,427,High,Stormy,1222.93,Yes
Agra,Kanpur,663,Low,Stormy,1273.13,Yes
Delhi,Allahabad,693,Medium,Rainy,1306.9,Yes
Kanpur,Agra,559,Low,Stormy,1077.59,Yes
Varanasi,Agra,440,High,Clear,786.74,Yes
Delhi,Lucknow,349,Medium,Foggy,699.99,Yes
Allahabad,Kanpur,638,High,Clear,1142.3,Yes
Allahabad,Agra,782,Medium,Rainy,1474.53,Yes
Allahabad,Delhi,698,High,Rainy,1642.88,Yes
Allahabad,Delhi,120,Medium,Stormy,266.63,Yes
Kanpur,Delhi,768,High,Foggy,1928.45,Yes
Kanpur,Allahabad,298,Low,Clear,367.76,No
Delhi,Varanasi,758,Medium,Rainy,1413.02,Yes
Kanpur,Allahabad,202,High,Stormy,592.7,Yes
Agra,Varanasi,490,Medium,Clear,711.62,No
Agra,Varanasi,780,Medium,Rainy,1466.59,Yes
Varanasi,Agra,549,High,Clear,999.4,Yes
Agra,Jaipur,603,Low,Foggy,1007.05,Yes
Agra,Kanpur,577,Medium,Clear,835.44,No
Delhi,Agra,643,Low,Clear,761.76,No
Varanasi,Allahabad,591,Medium,Clear,845.04,No
Varanasi,Jaipur,440,Low,Stormy,853.26,Yes
Agra,Delhi,543,Low,Clear,653.31,No
Jaipur,Delhi,438,High,Stormy,1263.56,Yes
Kanpur,Lucknow,600,Low,Rainy,926.7,Yes
Kanpur,Jaipur,465,High,Stormy,1329.31,Yes
Delhi,Agra,261,Medium,Rainy,480.08,Yes
Delhi,Agra,214,Low,Rainy,343.33,Yes
Delhi,Varanasi,453,High,Clear,826.19,Yes
Varanasi,Allahabad,702,High,Stormy,2019.33,Yes
Agra,Lucknow,252,Medium,Foggy,519.92,Yes
Jaipur,Lucknow,667,Medium,Foggy,1335.98,Yes
Allahabad,Varanasi,172,Medium,Rainy,334.87,Yes
Allahabad,Lucknow,524,High,Clear,946.96,Yes
Jaipur,Allahabad,569,High,Rainy,1327.67,Yes
Kanpur,Lucknow,113,High,Foggy,279.68,Yes
Allahabad,Delhi,523,Medium,Rainy,981.0,Yes
Allahabad,Jaipur,258,Medium,Foggy,532.54,Yes
Jaipur,Allahabad,640,Low,Clear,776.01,No
Kanpur,Lucknow,154,Low,Foggy,265.93,Yes
Agra,Allahabad,729,High,Stormy,2104.75,Yes
Varanasi,Jaipur,332,Medium,Foggy,662.88,Yes
Kanpur,Jaipur,174,High,Stormy,513.16,Yes
Allahabad,Lucknow,450,High,Stormy,1293.86,Yes
Varanasi,Delhi,142,Low,Stormy,273.65,Yes
Jaipur,Delhi,550,High,Clear,1002.46,Yes
Allahabad,Kanpur,481,High,Clear,867.66,Yes
Lucknow,Kanpur,384,Medium,Stormy,889.8,Yes
Allahabad,Lucknow,708,High,Clear,1280.34,Yes
Delhi,Varanasi,307,Low,Clear,376.9,No
Agra,Delhi,321,Medium,Clear,468.82,No
Agra,Lucknow,479,Low,Rainy,754.49,Yes
Kanpur,Lucknow,495,High,Clear,888.46,Yes
Lucknow,Agra,364,Medium,Rainy,695.22,Yes
Allahabad,Lucknow,128,Low,Rainy,211.32,Yes
Allahabad,Varanasi,776,Medium,Foggy,1576.77,Yes
Varanasi,Jaipur,301,Medium,Stormy,696.83,Yes
Varanasi,Allahabad,680,Medium,Rainy,1275.51,Yes
Allahabad,Lucknow,674,High,Rainy,1585.66,Yes
Jaipur,Agra,569,Medium,Clear,834.0,No
Kanpur,Varanasi,675,Medium,Rainy,1268.28,Yes
Allahabad,Lucknow,121,Low,Stormy,228.11,Yes
Kanpur,Allahabad,438,Low,Foggy,742.06,Yes
Varanasi,Delhi,774,Medium,Foggy,1568.87,Yes
Lucknow,Allahabad,614,High,Rainy,1450.96,Yes
Lucknow,Delhi,284,Medium,Rainy,534.25,Yes
Varanasi,Delhi,229,Low,Foggy,377.83,Yes
Kanpur,Delhi,324,Low,Foggy,551.43,Yes
Kanpur,Agra,152,High,Stormy,436.25,Yes
Lucknow,Kanpur,739,Medium,Stormy,1696.69,Yes
Kanpur,Jaipur,202,High,Rainy,476.16,Yes
Lucknow,Agra,467,High,Foggy,1171.04,Yes
Allahabad,Varanasi,569,Medium,Rainy,1055.26,Yes
Lucknow,Jaipur,446,High,Clear,813.62,Yes
Jaipur,Kanpur,510,High,Clear,927.33,Yes
Allahabad,Varanasi,418,Low,Stormy,803.75,Yes
Delhi,Varanasi,656,Low,Clear,801.39,No
Kanpur,Agra,489,High,Clear,872.62,Yes
Jaipur,Allahabad,217,High,Stormy,630.42,Yes
Kanpur,Allahabad,241,High,Clear,446.05,Yes
Lucknow,Delhi,175,Low,Clear,213.9,No
Lucknow,Kanpur,556,High,Foggy,1412.6,Yes
Delhi,Allahabad,153,High,Clear,283.29,Yes
Allahabad,Jaipur,427,High,Stormy,1243.09,Yes
Kanpur,Delhi,599,Medium,Clear,867.79,No
Agra,Lucknow,682,High,Clear,1239.28,Yes
Delhi,Allahabad,401,Medium,Rainy,761.46,Yes
Agra,Varanasi,315,Low,Foggy,533.46,Yes
Delhi,Lucknow,198,Medium,Stormy,460.03,Yes
Agra,Kanpur,384,Low,Foggy,646.6,Yes
Kanpur,Jaipur,791,Medium,Clear,1150.2,No
Delhi,Agra,653,High,Rainy,1531.02,Yes
Kanpur,Allahabad,526,Medium,Foggy,1059.68,Yes
Lucknow,Kanpur,404,Low,Foggy,685.91,Yes
Varanasi,Lucknow,532,High,Rainy,1235.58,Yes
Varanasi,Kanpur,502,High,Stormy,1450.42,Yes
Jaipur,Allahabad,275,Low,Rainy,421.09,Yes
Delhi,Lucknow,348,High,Foggy,877.28,Yes
Varanasi,Kanpur,363,Medium,Rainy,675.02,Yes
Allahabad,Delhi,211,High,Rainy,501.52,Yes
Varanasi,Kanpur,639,Low,Rainy,1009.01,Yes
Varanasi,Agra,245,High,Foggy,616.68,Yes
Allahabad,Varanasi,517,Medium,Rainy,961.0,Yes
Jaipur,Delhi,448,Low,Rainy,698.44,Yes
Agra,Lucknow,733,High,Clear,1328.42,Yes
Varanasi,Jaipur,382,Low,Foggy,647.98,Yes
Jaipur,Varanasi,184,High,Clear,331.28,Yes
Agra,Allahabad,670,Low,Stormy,1294.91,Yes
Lucknow,Agra,414,High,Rainy,969.22,Yes
Allahabad,Varanasi,185,Low,Foggy,306.23,Yes
Allahabad,Varanasi,465,Medium,Foggy,947.2,Yes
Lucknow,Delhi,418,Low,Stormy,817.52,Yes
Jaipur,Allahabad,454,High,Clear,807.23,Yes
Jaipur,Lucknow,759,Low,Foggy,1284.02,Yes
Allahabad,Jaipur,549,Low,Rainy,855.85,Yes
Jaipur,Allahabad,345,Medium,Stormy,789.1,Yes
Lucknow,Agra,123,High,Rainy,292.71,Yes
Lucknow,Kanpur,638,High,Rainy,1499.29,Yes
Kanpur,Lucknow,237,Low,Stormy,458.9,Yes
Lucknow,Allahabad,529,High,Foggy,1344.89,Yes
Allahabad,Agra,182,Low,Clear,226.01,No
Jaipur,Delhi,614,Low,Rainy,972.1,Yes
Allahabad,Varanasi,547,Low,Rainy,845.05,Yes
Allahabad,Delhi,742,Medium,Rainy,1382.53,Yes
Lucknow,Jaipur,776,Low,Stormy,1480.3,Yes
Varanasi,Kanpur,738,Medium,Clear,1066.08,No
Lucknow,Kanpur,668,Medium,Rainy,1240.61,Yes
Allahabad,Lucknow,341,High,Clear,611.28,Yes
Kanpur,Lucknow,127,High,Rainy,301.39,Yes
Lucknow,Varanasi,679,Medium,Stormy,1568.18,Yes
Lucknow,Delhi,484,High,Rainy,1145.09,Yes
Allahabad,Lucknow,403,Medium,Rainy,757.89,Yes
Jaipur,Allahabad,108,Medium,Foggy,211.89,Yes
Varanasi,Kanpur,274,High,Foggy,698.55,Yes
Allahabad,Lucknow,738,Low,Foggy,1250.13,Yes
Kanpur,Varanasi,334,High,Stormy,964.2,Yes
Agra,Kanpur,665,Low,Rainy,1045.09,Yes
Kanpur,Lucknow,573,High,Foggy,1439.14,Yes
Varanasi,Jaipur,402,Medium,Stormy,927.48,Yes
Varanasi,Kanpur,327,High,Foggy,835.71,Yes
Varanasi,Kanpur,647,Medium,Rainy,1216.83,Yes
Allahabad,Agra,417,Medium,Foggy,844.24,Yes
Lucknow,Delhi,408,Medium,Clear,592.7,No
Lucknow,Jaipur,769,Low,Rainy,1202.6,Yes
Lucknow,Agra,190,High,Rainy,451.7,Yes
Agra,Lucknow,418,High,Foggy,1063.76,Yes
Allahabad,Kanpur,577,High,Clear,1040.22,Yes
Lucknow,Agra,125,Low,Foggy,221.4,Yes
Lucknow,Varanasi,560,Medium,Rainy,1052.55,Yes
Agra,Jaipur,339,Low,Stormy,661.43,Yes
Jaipur,Lucknow,462,High,Rainy,1075.59,Yes
Varanasi,Kanpur,541,Medium,Clear,783.04,No
Agra,Varanasi,518,High,Clear,926.62,Yes
Jaipur,Kanpur,664,Low,Stormy,1276.08,Yes
Kanpur,Lucknow,766,Low,Stormy,1475.22,Yes
Varanasi,Delhi,109,Medium,Rainy,203.99,Yes
Agra,Varanasi,420,High,Stormy,1215.21,Yes
Lucknow,Delhi,690,Medium,Rainy,1306.14,Yes
Kanpur,Lucknow,155,Medium,Stormy,371.72,Yes
Kanpur,Agra,707,Low,Stormy,1363.18,Yes
Kanpur,Varanasi,172,Medium,Rainy,318.51,Yes
Varanasi,Kanpur,777,Medium,Rainy,1456.16,Yes
Kanpur,Varanasi,782,High,Stormy,2257.26,Yes
Jaipur,Kanpur,191,High,Rainy,458.64,Yes
Lucknow,Delhi,527,High,Stormy,1521.41,Yes
Allahabad,Lucknow,557,Low,Stormy,1074.42,Yes
Jaipur,Varanasi,433,High,Stormy,1243.08,Yes
Varanasi,Delhi,194,High,Stormy,573.04,Yes
Allahabad,Delhi,604,Low,Clear,739.34,No
Lucknow,Agra,313,Medium,Clear,442.54,No
Lucknow,Jaipur,586,Medium,Rainy,1097.41,Yes
Varanasi,Jaipur,565,Low,Rainy,883.51,Yes
Lucknow,Agra,331,Low,Clear,396.92,No
Allahabad,Delhi,198,High,Clear,358.76,Yes
Jaipur,Kanpur,545,Medium,Stormy,1269.77,Yes
Kanpur,Allahabad,208,Low,Foggy,359.52,Yes
Kanpur,Allahabad,509,Medium,Stormy,1171.57,Yes
Lucknow,Jaipur,212,High,Stormy,605.5,Yes
Agra,Allahabad,628,Low,Rainy,987.96,Yes
Agra,Delhi,796,Medium,Stormy,1846.99,Yes
Jaipur,Kanpur,352,Medium,Stormy,812.97,Yes
Allahabad,Lucknow,209,Medium,Foggy,426.43,Yes
Lucknow,Varanasi,758,Low,Clear,912.98,No
Jaipur,Allahabad,448,High,Stormy,1291.9,Yes
Jaipur,Lucknow,792,Low,Foggy,1329.2,Yes
Varanasi,Jaipur,518,Low,Rainy,814.79,Yes
Lucknow,Delhi,576,Medium,Clear,823.29,No
Jaipur,Varanasi,518,Low,Clear,618.59,No
Delhi,Allahabad,261,Low,Stormy,512.3,Yes
Jaipur,Varanasi,275,Medium,Foggy,565.71,Yes
Agra,Allahabad,196,High,Clear,351.6,Yes
Jaipur,Agra,749,High,Stormy,2165.86,Yes
Kanpur,Delhi,791,High,Clear,1427.06,Yes
Allahabad,Kanpur,221,Medium,Clear,310.75,No
Varanasi,Lucknow,121,High,Rainy,280.6,Yes
Allahabad,Jaipur,456,Medium,Stormy,1059.19,Yes
Kanpur,Jaipur,757,Medium,Stormy,1757.92,Yes
Agra,Allahabad,439,High,Clear,797.97,Yes
Allahabad,Jaipur,440,High,Foggy,1103.43,Yes
Lucknow,Agra,156,High,Stormy,457.75,Yes
Lucknow,Agra,582,High,Clear,1049.87,Yes
Delhi,Agra,359,High,Rainy,840.24,Yes
Agra,Lucknow,326,Medium,Rainy,618.74,Yes
Allahabad,Agra,586,Low,Foggy,979.26,Yes
Allahabad,Delhi,470,High,Rainy,1114.72,Yes
Jaipur,Varanasi,212,High,Rainy,511.01,Yes
Delhi,Agra,288,Low,Rainy,451.15,Yes
Agra,Varanasi,660,Low,Foggy,1103.74,Yes
Agra,Kanpur,383,High,Foggy,959.72,Yes
Agra,Kanpur,475,High,Clear,846.29,Yes
Allahabad,Agra,685,High,Clear,1232.81,Yes
Allahabad,Jaipur,391,High,Stormy,1136.9,Yes
Lucknow,Kanpur,571,Medium,Rainy,1068.03,Yes
Kanpur,Agra,126,Low,Stormy,243.23,Yes
Allahabad,Agra,644,Medium,Rainy,1199.79,Yes
Agra,Jaipur,183,Low,Foggy,311.92,Yes
Lucknow,Kanpur,222,Low,Foggy,376.31,Yes
Delhi,Jaipur,293,High,Foggy,731.1,Yes
Agra,Kanpur,418,Low,Foggy,700.1,Yes
Jaipur,Kanpur,446,Low,Clear,549.04,No
Agra,Delhi,262,Low,Foggy,442.56,Yes
Lucknow,Kanpur,749,High,Clear,1345.76,Yes
Kanpur,Allahabad,338,High,Rainy,790.47,Yes
Jaipur,Kanpur,177,Low,Rainy,288.97,Yes
Varanasi,Lucknow,700,Medium,Clear,1017.57,No
Varanasi,Allahabad,662,High,Stormy,1915.58,Yes
Delhi,Lucknow,343,Low,Clear,421.06,No
Varanasi,Delhi,487,Low,Stormy,939.34,Yes
Kanpur,Allahabad,188,Medium,Stormy,444.39,Yes
Kanpur,Varanasi,226,Low,Rainy,364.07,Yes
Lucknow,Jaipur,471,High,Rainy,1110.2,Yes
Allahabad,Agra,581,High,Stormy,1681.95,Yes
Allahabad,Lucknow,255,Low,Clear,311.65,No
Delhi,Varanasi,272,Low,Foggy,469.17,Yes
Varanasi,Lucknow,145,Medium,Clear,208.3,No
Kanpur,Jaipur,743,High,Clear,1350.35,Yes
Agra,Varanasi,722,High,Foggy,1827.17,Yes
Allahabad,Jaipur,799,High,Stormy,2305.73,Yes
Allahabad,Agra,282,Medium,Rainy,528.31,Yes
Lucknow,Allahabad,800,Medium,Clear,1165.47,No
Delhi,Varanasi,740,High,Clear,1335.76,Yes
Delhi,Lucknow,557,Low,Rainy,865.56,Yes
Jaipur,Varanasi,216,High,Clear,383.95,Yes
Jaipur,Delhi,237,Low,Foggy,409.09,Yes
Lucknow,Allahabad,461,Medium,Stormy,1055.25,Yes
Kanpur,Varanasi,106,Low,Clear,130.82,No
Allahabad,Delhi,590,High,Rainy,1371.56,Yes
Jaipur,Allahabad,616,Medium,Clear,899.82,No
Allahabad,Jaipur,389,High,Clear,697.22,Yes
Varanasi,Kanpur,173,Medium,Rainy,333.28,Yes
Lucknow,Kanpur,499,Medium,Stormy,1150.9,Yes
Allahabad,Agra,631,Medium,Foggy,1285.29,Yes
Jaipur,Kanpur,460,Low,Stormy,874.85,Yes
Delhi,Jaipur,732,High,Rainy,1721.39,Yes
Varanasi,Agra,593,Low,Stormy,1132.94,Yes
Jaipur,Varanasi,629,High,Clear,1139.04,Yes
Delhi,Varanasi,118,Low,Stormy,228.41,Yes
Delhi,Varanasi,713,Medium,Rainy,1344.69,Yes
Jaipur,Kanpur,399,Medium,Foggy,803.4,Yes
Kanpur,Varanasi,371,Medium,Clear,541.43,No
Varanasi,Delhi,741,Medium,Rainy,1387.93,Yes
Varanasi,Kanpur,507,High,Foggy,1274.88,Yes
Kanpur,Delhi,616,High,Clear,1119.33,Yes
Varanasi,Allahabad,147,High,Clear,260.96,Yes
Allahabad,Jaipur,346,Medium,Rainy,639.4,Yes
Jaipur,Varanasi,210,High,Foggy,525.21,Yes
Allahabad,Kanpur,123,Low,Foggy,220.41,Yes
Lucknow,Agra,608,Medium,Stormy,1412.19,Yes
Delhi,Agra,392,Medium,Foggy,793.34,Yes
Delhi,Kanpur,723,Medium,Rainy,1361.64,Yes
Kanpur,Lucknow,224,High,Foggy,560.38,Yes
Jaipur,Delhi,156,Low,Clear,186.4,No
Lucknow,Varanasi,547,Medium,Foggy,1117.68,Yes
Agra,Allahabad,666,High,Stormy,1915.29,Yes
Allahabad,Delhi,651,Low,Clear,783.34,No
Varanasi,Agra,662,Medium,Foggy,1339.87,Yes
Delhi,Kanpur,594,Low,Stormy,1132.48,Yes
Agra,Delhi,574,Medium,Rainy,1083.5,Yes
Allahabad,Varanasi,165,High,Stormy,474.53,Yes
Jaipur,Agra,399,Low,Clear,469.82,No
Kanpur,Agra,181,Low,Stormy,340.47,Yes
Kanpur,Lucknow,532,Medium,Foggy,1075.92,Yes
Jaipur,Delhi,480,Low,Foggy,818.45,Yes
Kanpur,Delhi,204,Medium,Foggy,407.12,Yes
Delhi,Varanasi,216,Low,Rainy,350.38,Yes
Allahabad,Jaipur,485,High,Clear,875.01,Yes
Delhi,Allahabad,486,High,Rainy,1135.68,Yes
Lucknow,Kanpur,615,Medium,Foggy,1240.55,Yes
Agra,Kanpur,703,Medium,Foggy,1417.31,Yes
Lucknow,Allahabad,303,Medium,Foggy,605.74,Yes
Agra,Delhi,101,Low,Foggy,165.58,Yes
Varanasi,Lucknow,355,High,Rainy,841.41,Yes
Agra,Allahabad,402,High,Stormy,1154.12,Yes
Delhi,Agra,268,High,Foggy,675.44,Yes
Agra,Jaipur,633,High,Rainy,1487.0,Yes
Jaipur,Delhi,749,Medium,Stormy,1723.4,Yes
Allahabad,Delhi,253,High,Foggy,642.93,Yes
Agra,Kanpur,193,Medium,Foggy,379.45,Yes
Allahabad,Lucknow,485,Medium,Stormy,1120.38,Yes
Allahabad,Lucknow,450,High,Clear,822.58,Yes
Agra,Allahabad,588,High,Foggy,1486.34,Yes
Varanasi,Agra,731,Low,Clear,869.03,No
Agra,Jaipur,202,Low,Foggy,345.97,Yes
Agra,Lucknow,727,Medium,Stormy,1666.34,Yes
Kanpur,Varanasi,454,Low,Foggy,768.23,Yes
Lucknow,Agra,447,High,Stormy,1296.38,Yes
Lucknow,Agra,609,High,Clear,1105.28,Yes
Lucknow,Allahabad,131,High,Foggy,337.81,Yes
Delhi,Lucknow,586,Medium,Clear,858.31,No
Delhi,Kanpur,643,Medium,Stormy,1472.94,Yes
Lucknow,Delhi,366,Medium,Clear,532.42,No
Agra,Varanasi,129,Medium,Clear,190.69,No
Lucknow,Kanpur,322,High,Rainy,759.2,Yes
Agra,Kanpur,508,Medium,Rainy,943.02,Yes
Kanpur,Allahabad,422,Medium,Clear,611.19,No
Kanpur,Jaipur,730,Low,Stormy,1404.7,Yes
Jaipur,Delhi,325,Low,Clear,403.62,No
Jaipur,Lucknow,349,Low,Rainy,541.34,Yes
Varanasi,Delhi,548,High,Clear,987.15,Yes
Allahabad,Delhi,495,High,Stormy,1421.76,Yes
Agra,Allahabad,620,Medium,Clear,894.65,No
Delhi,Agra,648,Low,Rainy,1017.96,Yes
Kanpur,Allahabad,264,Medium,Clear,370.18,No
Allahabad,Kanpur,664,Low,Rainy,1049.32,Yes
Jaipur,Delhi,242,Low,Rainy,368.04,Yes
Varanasi,Kanpur,619,High,Foggy,1557.35,Yes
Varanasi,Agra,333,High,Clear,606.12,Yes
Agra,Varanasi,483,Low,Stormy,932.62,Yes
Jaipur,Varanasi,427,High,Stormy,1238.1,Yes
Lucknow,Delhi,332,High,Foggy,844.98,Yes
Agra,Lucknow,749,Low,Foggy,1256.81,Yes
Allahabad,Lucknow,727,Medium,Foggy,1468.63,Yes
Allahabad,Kanpur,241,Medium,Stormy,549.44,Yes
Lucknow,Delhi,176,Medium,Rainy,340.8,Yes
Varanasi,Agra,581,Low,Clear,695.49,No
Kanpur,Allahabad,251,High,Foggy,627.27,Yes
Delhi,Lucknow,329,High,Clear,593.25,Yes
Agra,Kanpur,259,Low,Foggy,441.21,Yes
Kanpur,Lucknow,671,Medium,Rainy,1264.59,Yes
Kanpur,Delhi,537,Medium,Stormy,1228.21,Yes
Allahabad,Lucknow,789,Medium,Clear,1144.06,No
Jaipur,Kanpur,194,High,Foggy,491.1,Yes
Allahabad,Varanasi,306,Medium,Clear,430.69,No
Jaipur,Varanasi,218,Medium,Clear,324.74,No
Kanpur,Delhi,731,Medium,Stormy,1690.27,Yes
Varanasi,Agra,264,Low,Stormy,499.92,Yes
Kanpur,Allahabad,556,High,Clear,1005.22,Yes
Jaipur,Delhi,314,Medium,Stormy,737.37,Yes
Lucknow,Varanasi,455,Low,Rainy,709.25,Yes
Lucknow,Jaipur,358,High,Rainy,840.98,Yes
Varanasi,Jaipur,776,Medium,Clear,1119.83,No
Jaipur,Allahabad,468,High,Rainy,1098.31,Yes
Agra,Allahabad,763,High,Foggy,1929.02,Yes
Delhi,Lucknow,573,Low,Foggy,977.21,Yes
Allahabad,Jaipur,286,Medium,Rainy,550.05,Yes
Delhi,Kanpur,735,Low,Rainy,1151.53,Yes
Allahabad,Varanasi,321,High,Rainy,748.24,Yes
Kanpur,Jaipur,482,High,Clear,879.12,Yes
Agra,Allahabad,157,High,Clear,275.41,Yes
Jaipur,Agra,126,Medium,Rainy,247.5,Yes
Delhi,Varanasi,604,High,Rainy,1419.84,Yes
Agra,Lucknow,563,Low,Foggy,956.78,Yes
Varanasi,Delhi,538,Medium,Rainy,1002.12,Yes
Lucknow,Jaipur,322,Medium,Clear,472.82,No
Allahabad,Varanasi,663,High,Stormy,1915.63,Yes
Allahabad,Delhi,149,High,Stormy,431.15,Yes
Lucknow,Allahabad,209,Low,Foggy,345.81,Yes
Allahabad,Kanpur,758,Medium,Rainy,1417.23,Yes
Varanasi,Jaipur,563,Low,Rainy,887.69,Yes
Agra,Jaipur,575,Medium,Stormy,1332.71,Yes
Allahabad,Agra,459,High,Rainy,1076.21,Yes
Varanasi,Delhi,616,Low,Stormy,1179.37,Yes
Agra,Varanasi,244,Medium,Foggy,481.96,Yes
Kanpur,Allahabad,329,High,Stormy,944.16,Yes
Kanpur,Allahabad,472,Low,Stormy,901.43,Yes
Varanasi,Kanpur,293,Medium,Rainy,560.1,Yes
Kanpur,Allahabad,771,Medium,Clear,1119.7,No
Lucknow,Varanasi,310,Medium,Rainy,572.12,Yes
Lucknow,Varanasi,306,Low,Clear,358.84,No
Lucknow,Varanasi,612,Medium,Clear,873.55,No
Kanpur,Lucknow,167,High,Clear,314.75,Yes
Kanpur,Varanasi,720,Low,Foggy,1208.73,Yes
Kanpur,Jaipur,623,Low,Stormy,1187.79,Yes
Delhi,Lucknow,498,High,Rainy,1166.38,Yes
Delhi,Allahabad,206,Medium,Clear,306.93,No
Lucknow,Delhi,149,Medium,Stormy,342.29,Yes
Allahabad,Varanasi,382,Low,Stormy,724.6,Yes
Delhi,Allahabad,705,Medium,Stormy,1626.88,Yes
Jaipur,Agra,168,Medium,Stormy,385.69,Yes
Kanpur,Allahabad,752,Low,Foggy,1260.2,Yes
Varanasi,Jaipur,594,High,Clear,1080.23,Yes
Lucknow,Kanpur,431,Low,Clear,514.19,No
Kanpur,Jaipur,408,Medium,Stormy,953.03,Yes
Kanpur,Allahabad,769,Low,Foggy,1299.22,Yes
Kanpur,Varanasi,247,High,Foggy,635.56,Yes
Kanpur,Agra,715,Medium,Stormy,1658.27,Yes
Allahabad,Delhi,309,High,Rainy,731.98,Yes
Jaipur,Agra,566,Low,Rainy,874.57,Yes
Allahabad,Delhi,336,High,Clear,601.62,Yes
Allahabad,Varanasi,224,Low,Foggy,388.77,Yes
Delhi,Varanasi,220,Medium,Foggy,436.69,Yes
Lucknow,Allahabad,190,Low,Foggy,331.02,Yes
Allahabad,Agra,574,Low,Foggy,977.8,Yes
Lucknow,Jaipur,333,High,Foggy,839.05,Yes
Varanasi,Allahabad,139,Low,Rainy,224.24,Yes
Varanasi,Lucknow,668,High,Rainy,1553.97,Yes
Agra,Kanpur,335,Medium,Stormy,770.23,Yes
Allahabad,Lucknow,539,Low,Clear,654.95,No
Kanpur,Jaipur,636,High,Foggy,1610.2,Yes
Delhi,Varanasi,644,Low,Stormy,1247.85,Yes
Jaipur,Kanpur,589,Medium,Stormy,1368.09,Yes
Jaipur,Allahabad,583,High,Foggy,1482.42,Yes
Delhi,Kanpur,543,High,Stormy,1560.21,Yes
Allahabad,Varanasi,346,Low,Foggy,578.68,Yes
Lucknow,Allahabad,310,Low,Foggy,531.65,Yes
Delhi,Agra,635,Medium,Stormy,1473.65,Yes
Jaipur,Allahabad,105,High,Rainy,257.24,Yes
Kanpur,Agra,643,Medium,Rainy,1197.98,Yes
Kanpur,Jaipur,153,Medium,Stormy,343.78,Yes
Delhi,Jaipur,543,Medium,Foggy,1105.89,Yes
Allahabad,Delhi,597,High,Clear,1088.99,Yes
Jaipur,Allahabad,649,Low,Clear,780.06,No
Lucknow,Varanasi,787,High,Rainy,1845.06,Yes
Delhi,Varanasi,571,High,Stormy,1646.28,Yes
Delhi,Lucknow,591,Medium,Stormy,1373.22,Yes
Delhi,Lucknow,500,Medium,Foggy,1016.75,Yes
Agra,Delhi,686,High,Clear,1234.21,Yes
Lucknow,Agra,727,Low,Rainy,1132.82,Yes
Allahabad,Agra,674,Low,Rainy,1050.26,Yes
Allahabad,Kanpur,775,High,Stormy,2231.73,Yes
Varanasi,Agra,468,High,Clear,853.63,Yes
Delhi,Jaipur,635,Low,Foggy,1077.99,Yes
Kanpur,Lucknow,300,Medium,Foggy,616.55,Yes
Allahabad,Jaipur,271,Low,Rainy,423.71,Yes
Delhi,Kanpur,278,High,Stormy,808.17,Yes
Jaipur,Kanpur,290,Medium,Rainy,547.83,Yes
Agra,Jaipur,369,High,Stormy,1071.42,Yes
Lucknow,Allahabad,523,Low,Stormy,999.37,Yes
Lucknow,Kanpur,462,High,Stormy,1333.45,Yes
Varanasi,Agra,734,High,Foggy,1846.47,Yes
Allahabad,Jaipur,303,Low,Clear,366.18,No
Varanasi,Allahabad,486,High,Clear,881.48,Yes
Agra,Jaipur,663,Low,Rainy,1036.97,Yes
Lucknow,Varanasi,638,Medium,Clear,927.05,No
Delhi,Jaipur,364,Low,Stormy,693.45,Yes
Varanasi,Allahabad,174,High,Stormy,502.05,Yes
Jaipur,Kanpur,214,High,Clear,382.63,Yes
Agra,Delhi,522,High,Foggy,1307.65,Yes
Jaipur,Allahabad,463,Low,Clear,560.66,No
Lucknow,Varanasi,752,Low,Stormy,1441.38,Yes
Lucknow,Allahabad,397,Low,Rainy,619.34,Yes
Delhi,Varanasi,727,Low,Rainy,1138.65,Yes
Jaipur,Lucknow,125,High,Clear,215.04,Yes
Delhi,Lucknow,266,Low,Clear,322.7,No
Varanasi,Delhi,240,Low,Stormy,467.09,Yes
Lucknow,Agra,146,Low,Foggy,238.84,Yes
Allahabad,Agra,158,Low,Rainy,250.0,Yes
Kanpur,Allahabad,720,Low,Clear,858.79,No
Varanasi,Lucknow,242,Medium,Rainy,443.18,Yes
Jaipur,Varanasi,695,Medium,Rainy,1294.76,Yes
Delhi,Kanpur,309,High,Stormy,882.99,Yes
Agra,Allahabad,417,High,Clear,761.05,Yes
Delhi,Varanasi,208,Medium,Clear,296.38,No
Lucknow,Delhi,650,Medium,Rainy,1224.06,Yes
Delhi,Agra,793,Medium,Rainy,1496.25,Yes
Jaipur,Kanpur,597,Medium,Stormy,1384.66,Yes
Varanasi,Lucknow,324,Medium,Foggy,653.72,Yes
Agra,Delhi,209,Low,Stormy,405.69,Yes
Agra,Delhi,142,High,Foggy,362.18,Yes
Lucknow,Varanasi,566,Medium,Rainy,1059.48,Yes
Varanasi,Kanpur,126,Low,Foggy,220.85,Yes
Jaipur,Allahabad,735,Low,Rainy,1157.81,Yes
Allahabad,Kanpur,571,Low,Rainy,895.79,Yes
Delhi,Varanasi,178,Medium,Foggy,370.47,Yes
Kanpur,Allahabad,424,Medium,Clear,621.41,No
Jaipur,Agra,302,High,Foggy,753.35,Yes
Varanasi,Delhi,260,High,Rainy,610.71,Yes
Lucknow,Kanpur,573,Medium,Clear,834.0,No
Kanpur,Agra,378,Medium,Clear,552.7,No
Lucknow,Agra,289,Low,Rainy,446.68,Yes
Agra,Varanasi,156,Low,Foggy,264.14,Yes
Varanasi,Delhi,619,Medium,Rainy,1151.85,Yes
Delhi,Varanasi,597,Low,Rainy,940.7,Yes
Lucknow,Varanasi,737,High,Clear,1337.32,Yes
Allahabad,Agra,595,Low,Rainy,928.26,Yes
Jaipur,Delhi,139,High,Rainy,320.37,Yes
Delhi,Allahabad,687,Medium,Rainy,1286.99,Yes
Varanasi,Delhi,630,Medium,Rainy,1181.52,Yes
Jaipur,Agra,533,Medium,Stormy,1230.82,Yes
Varanasi,Agra,300,Medium,Foggy,599.8,Yes
Agra,Jaipur,396,High,Stormy,1134.26,Yes
Lucknow,Allahabad,436,High,Foggy,1095.24,Yes
Agra,Delhi,616,Low,Rainy,963.74,Yes
Jaipur,Lucknow,105,Low,Stormy,195.04,Yes
Allahabad,Jaipur,189,Medium,Rainy,366.71,Yes
Delhi,Kanpur,280,Medium,Rainy,522.67,Yes
Jaipur,Lucknow,421,Medium,Stormy,978.25,Yes
Varanasi,Delhi,605,Low,Clear,716.76,No
Lucknow,Varanasi,199,High,Stormy,583.72,Yes
Jaipur,Lucknow,542,High,Clear,986.0,Yes
Lucknow,Delhi,326,High,Stormy,944.76,Yes
Allahabad,Varanasi,519,High,Clear,926.04,Yes
Varanasi,Lucknow,258,Low,Clear,300.48,No
Allahabad,Kanpur,609,Medium,Stormy,1410.6,Yes
Varanasi,Kanpur,498,High,Stormy,1433.57,Yes
Kanpur,Varanasi,363,High,Foggy,928.09,Yes
Kanpur,Jaipur,547,Medium,Clear,784.65,No
Varanasi,Delhi,609,Medium,Rainy,1150.2,Yes
Agra,Jaipur,414,Medium,Clear,586.26,No
Allahabad,Agra,185,Low,Rainy,285.11,Yes
Lucknow,Delhi,391,Medium,Stormy,905.32,Yes
Lucknow,Allahabad,423,High,Rainy,1000.08,Yes
Delhi,Allahabad,386,High,Clear,688.49,Yes
Lucknow,Varanasi,503,High,Clear,897.72,Yes
Kanpur,Delhi,425,Low,Rainy,653.35,Yes
Jaipur,Delhi,793,High,Stormy,2275.56,Yes
Delhi,Varanasi,505,Medium,Stormy,1176.1,Yes
Allahabad,Jaipur,659,High,Foggy,1661.63,Yes
Delhi,Varanasi,129,Low,Stormy,244.98,Yes
Allahabad,Agra,394,High,Stormy,1139.16,Yes
Lucknow,Delhi,146,High,Foggy,378.94,Yes
Kanpur,Agra,458,High,Rainy,1063.63,Yes
Varanasi,Lucknow,741,Low,Rainy,1169.55,Yes
Kanpur,Varanasi,373,Low,Stormy,727.58,Yes
Allahabad,Delhi,103,Medium,Rainy,190.16,Yes
Varanasi,Jaipur,608,High,Clear,1103.8,Yes
Delhi,Kanpur,545,High,Stormy,1581.76,Yes
Kanpur,Allahabad,623,Medium,Rainy,1168.16,Yes
Lucknow,Allahabad,626,Low,Rainy,970.15,Yes
Delhi,Allahabad,136,Low,Stormy,272.35,Yes
Allahabad,Delhi,161,Medium,Foggy,330.37,Yes
Kanpur,Lucknow,625,Medium,Foggy,1250.83,Yes
Varanasi,Jaipur,156,Medium,Stormy,363.91,Yes
Lucknow,Agra,362,High,Foggy,924.13,Yes
Allahabad,Kanpur,312,High,Stormy,907.46,Yes
Kanpur,Delhi,616,Low,Rainy,954.73,Yes
Agra,Delhi,489,High,Foggy,1232.42,Yes
Lucknow,Agra,765,Low,Rainy,1191.11,Yes
Lucknow,Allahabad,205,Low,Stormy,405.15,Yes
Varanasi,Jaipur,581,High,Foggy,1463.33,Yes
Agra,Allahabad,151,Medium,Stormy,362.69,Yes
Kanpur,Agra,192,Low,Foggy,315.92,Yes
Kanpur,Allahabad,149,Low,Rainy,238.32,Yes
Allahabad,Agra,200,Low,Rainy,304.84,Yes
Delhi,Lucknow,490,High,Clear,880.62,Yes
Lucknow,Agra,792,Low,Stormy,1533.74,Yes
Allahabad,Agra,491,High,Rainy,1156.27,Yes
Lucknow,Allahabad,348,Low,Rainy,538.64,Yes
Kanpur,Agra,183,Medium,Foggy,366.89,Yes
Delhi,Agra,101,Medium,Clear,158.25,Yes
Delhi,Kanpur,556,Low,Stormy,1080.39,Yes
Jaipur,Lucknow,335,Low,Rainy,536.28,Yes
Delhi,Agra,721,High,Foggy,1813.14,Yes
Delhi,Allahabad,521,Medium,Foggy,1065.23,Yes
Delhi,Allahabad,334,Low,Rainy,521.46,Yes
Jaipur,Kanpur,603,High,Foggy,1512.74,Yes
Delhi,Agra,380,Low,Rainy,601.94,Yes
Allahabad,Kanpur,707,Medium,Clear,1014.23,No
Allahabad,Agra,307,Low,Clear,371.63,No
Allahabad,Agra,705,Low,Clear,856.8,No
Delhi,Kanpur,337,Medium,Clear,494.6,No
Varanasi,Lucknow,566,Low,Foggy,963.15,Yes
Jaipur,Lucknow,245,Low,Foggy,403.93,Yes
Kanpur,Jaipur,708,High,Foggy,1779.05,Yes
Lucknow,Allahabad,572,High,Clear,1035.72,Yes
Agra,Jaipur,590,Medium,Foggy,1181.82,Yes
Lucknow,Varanasi,342,High,Clear,606.32,Yes
Jaipur,Allahabad,296,Low,Rainy,467.34,Yes
Kanpur,Allahabad,242,High,Clear,443.44,Yes
Delhi,Allahabad,619,High,Rainy,1445.42,Yes
Agra,Lucknow,693,High,Clear,1253.74,Yes
Jaipur,Kanpur,134,Low,Stormy,264.61,Yes
Delhi,Varanasi,617,High,Foggy,1547.59,Yes
Allahabad,Varanasi,499,High,Foggy,1268.49,Yes
Allahabad,Jaipur,120,Medium,Foggy,239.65,Yes
Delhi,Kanpur,527,Medium,Clear,758.44,No
Lucknow,Agra,497,Low,Rainy,766.66,Yes
Kanpur,Lucknow,228,High,Foggy,575.54,Yes
Varanasi,Allahabad,218,Low,Clear,253.79,No
Kanpur,Jaipur,400,Medium,Rainy,758.04,Yes
Allahabad,Varanasi,300,Low,Rainy,461.09,Yes
Kanpur,Lucknow,219,Medium,Rainy,400.99,Yes
Varanasi,Kanpur,148,High,Foggy,367.0,Yes
Varanasi,Delhi,177,Medium,Rainy,321.81,Yes
Jaipur,Kanpur,629,Low,Clear,745.0,No
Delhi,Agra,153,High,Rainy,359.22,Yes
Jaipur,Varanasi,594,Medium,Stormy,1367.51,Yes
Agra,Jaipur,581,Low,Rainy,910.43,Yes
Jaipur,Kanpur,674,Low,Clear,811.62,No
Lucknow,Delhi,421,Medium,Rainy,802.86,Yes
Agra,Delhi,237,High,Rainy,557.52,Yes
Allahabad,Agra,634,Low,Rainy,993.14,Yes
Agra,Lucknow,466,High,Clear,853.63,Yes
Jaipur,Allahabad,713,Medium,Stormy,1651.12,Yes
Allahabad,Varanasi,213,Low,Foggy,360.41,Yes
Jaipur,Allahabad,261,Medium,Stormy,592.34,Yes
Varanasi,Jaipur,491,High,Stormy,1405.56,Yes
Lucknow,Allahabad,409,High,Foggy,1026.36,Yes
Jaipur,Agra,422,Medium,Stormy,964.67,Yes
Jaipur,Lucknow,106,Medium,Clear,164.86,Yes
Jaipur,Agra,593,Low,Rainy,915.91,Yes
Agra,Varanasi,700,High,Foggy,1769.78,Yes
Agra,Delhi,399,Low,Stormy,760.72,Yes
Varanasi,Kanpur,674,Low,Foggy,1138.92,Yes
Delhi,Kanpur,515,Medium,Rainy,954.12,Yes
Kanpur,Delhi,701,Low,Clear,853.39,No
Lucknow,Delhi,246,Low,Foggy,407.99,Yes
Varanasi,Lucknow,456,Low,Foggy,764.67,Yes
Lucknow,Delhi,244,Low,Foggy,405.04,Yes
Delhi,Lucknow,533,Low,Stormy,1037.84,Yes
Kanpur,Delhi,549,High,Clear,979.52,Yes
Lucknow,Jaipur,458,Medium,Stormy,1052.9,Yes
Jaipur,Varanasi,536,Low,Stormy,1038.83,Yes
Lucknow,Delhi,570,Low,Foggy,948.85,Yes
Jaipur,Lucknow,706,Medium,Stormy,1625.28,Yes
Varanasi,Lucknow,523,Medium,Clear,752.76,No
Agra,Delhi,634,Medium,Stormy,1458.26,Yes
Kanpur,Jaipur,625,High,Stormy,1791.05,Yes
Kanpur,Varanasi,693,Low,Stormy,1323.69,Yes
Kanpur,Varanasi,603,High,Clear,1090.05,Yes
Allahabad,Kanpur,385,Low,Rainy,609.0,Yes
Kanpur,Delhi,186,Low,Stormy,349.26,Yes
Jaipur,Agra,231,High,Foggy,580.42,Yes
Allahabad,Varanasi,565,Low,Stormy,1080.64,Yes
Lucknow,Agra,151,High,Stormy,431.71,Yes
Jaipur,Kanpur,631,High,Foggy,1601.8,Yes
Kanpur,Delhi,786,High,Stormy,2257.59,Yes
Jaipur,Agra,324,Low,Clear,394.74,No
Kanpur,Jaipur,221,High,Clear,392.23,Yes
Jaipur,Delhi,538,High,Foggy,1352.0,Yes
Kanpur,Jaipur,133,High,Foggy,347.29,Yes
Delhi,Allahabad,660,Medium,Clear,944.14,No
Kanpur,Agra,547,Medium,Foggy,1097.3,Yes
Agra,Varanasi,251,Medium,Foggy,508.06,Yes
Lucknow,Jaipur,656,High,Stormy,1885.44,Yes
Allahabad,Jaipur,709,High,Rainy,1656.62,Yes
Varanasi,Jaipur,630,Medium,Clear,900.22,No
Allahabad,Delhi,198,Medium,Clear,278.7,No
Jaipur,Delhi,714,High,Rainy,1674.85,Yes
Kanpur,Allahabad,356,Medium,Clear,508.8,No
Agra,Lucknow,335,Low,Rainy,516.35,Yes
Allahabad,Agra,191,High,Stormy,553.95,Yes
Allahabad,Delhi,554,Medium,Clear,795.52,No
Jaipur,Kanpur,185,High,Foggy,472.85,Yes
Allahabad,Lucknow,536,Medium,Foggy,1079.65,Yes
Lucknow,Varanasi,243,Medium,Rainy,465.33,Yes
Varanasi,Delhi,491,High,Clear,875.82,Yes
Kanpur,Varanasi,297,High,Foggy,739.07,Yes
Lucknow,Jaipur,257,Low,Stormy,504.45,Yes
Allahabad,Agra,101,Medium,Stormy,234.69,Yes
Delhi,Kanpur,322,Low,Foggy,537.26,Yes
Agra,Lucknow,420,Low,Stormy,821.37,Yes
Kanpur,Varanasi,651,Low,Rainy,1018.2,Yes
Agra,Jaipur,182,Low,Foggy,301.11,Yes
Agra,Lucknow,397,Low,Clear,484.98,No
Lucknow,Jaipur,276,High,Stormy,802.46,Yes
Allahabad,Kanpur,468,Medium,Stormy,1083.18,Yes
Jaipur,Varanasi,793,Medium,Rainy,1493.46,Yes
Lucknow,Varanasi,346,Low,Stormy,676.6,Yes
Jaipur,Kanpur,248,High,Clear,458.46,Yes
Jaipur,Kanpur,601,Low,Stormy,1153.88,Yes
Lucknow,Jaipur,754,High,Foggy,1901.65,Yes
Delhi,Allahabad,664,Medium,Foggy,1332.78,Yes
Agra,Kanpur,175,Low,Foggy,290.67,Yes
Allahabad,Delhi,321,Medium,Stormy,747.96,Yes
Jaipur,Kanpur,453,Low,Clear,555.08,No
Lucknow,Kanpur,386,High,Rainy,905.64,Yes
Agra,Allahabad,143,Medium,Clear,205.61,No
Agra,Jaipur,800,High,Rainy,1862.85,Yes
Varanasi,Jaipur,513,High,Rainy,1213.4,Yes
Agra,Varanasi,593,Medium,Rainy,1112.99,Yes
Kanpur,Varanasi,542,Low,Foggy,911.71,Yes
Delhi,Agra,540,Medium,Stormy,1237.09,Yes
Jaipur,Kanpur,717,High,Stormy,2076.95,Yes
Kanpur,Agra,635,Medium,Clear,908.88,No
Varanasi,Delhi,466,Low,Rainy,727.86,Yes
Jaipur,Kanpur,330,Medium,Clear,474.85,No
Agra,Lucknow,606,High,Stormy,1751.49,Yes
Delhi,Varanasi,595,Medium,Foggy,1193.54,Yes
Jaipur,Agra,143,Medium,Stormy,327.14,Yes
Varanasi,Agra,749,High,Stormy,2158.4,Yes
Lucknow,Jaipur,450,Medium,Foggy,904.09,Yes
Kanpur,Agra,104,High,Rainy,244.84,Yes
Kanpur,Lucknow,283,Low,Stormy,550.44,Yes
Varanasi,Jaipur,780,High,Rainy,1829.19,Yes
Kanpur,Agra,373,Medium,Rainy,710.05,Yes
Varanasi,Lucknow,439,High,Rainy,1021.33,Yes
Allahabad,Agra,623,High,Clear,1129.99,Yes
Agra,Allahabad,282,Medium,Clear,419.6,No
Kanpur,Varanasi,700,High,Stormy,2027.06,Yes
Delhi,Kanpur,748,High,Clear,1351.98,Yes
Kanpur,Delhi,774,Low,Foggy,1303.68,Yes
Lucknow,Kanpur,730,High,Stormy,2096.16,Yes
Agra,Lucknow,684,Medium,Foggy,1383.64,Yes
Delhi,Lucknow,206,Medium,Foggy,409.04,Yes
Varanasi,Kanpur,317,Medium,Clear,468.42,No
Delhi,Jaipur,724,Low,Rainy,1135.55,Yes
Kanpur,Varanasi,731,Low,Stormy,1417.22,Yes
Lucknow,Agra,198,High,Foggy,513.61,Yes
Allahabad,Delhi,602,High,Rainy,1413.87,Yes
Jaipur,Allahabad,247,Low,Foggy,411.57,Yes
Allahabad,Varanasi,539,Medium,Foggy,1091.78,Yes
Lucknow,Delhi,779,High,Stormy,2240.71,Yes
Jaipur,Lucknow,579,Medium,Clear,828.94,No
Jaipur,Agra,411,Low,Stormy,801.03,Yes
Kanpur,Delhi,567,Low,Stormy,1083.4,Yes
Delhi,Allahabad,687,High,Stormy,1991.94,Yes
Delhi,Varanasi,364,Medium,Foggy,727.66,Yes
Varanasi,Kanpur,419,Low,Stormy,797.52,Yes
Delhi,Allahabad,634,Low,Rainy,981.2,Yes
Delhi,Jaipur,685,Medium,Stormy,1590.52,Yes
Agra,Lucknow,437,High,Stormy,1265.02,Yes
Lucknow,Allahabad,335,Low,Stormy,635.9,Yes
Allahabad,Agra,703,Low,Foggy,1176.73,Yes
Agra,Jaipur,513,Low,Rainy,798.35,Yes
Varanasi,Delhi,247,Medium,Stormy,583.47,Yes
Varanasi,Jaipur,538,Medium,Rainy,998.54,Yes
Agra,Varanasi,170,Low,Foggy,299.4,Yes
Jaipur,Varanasi,302,Low,Clear,361.17,No
Kanpur,Varanasi,501,Low,Foggy,847.85,Yes
Kanpur,Delhi,231,Low,Stormy,448.32,Yes
Jaipur,Allahabad,207,Low,Foggy,349.14,Yes
Lucknow,Jaipur,190,Low,Stormy,376.52,Yes
Lucknow,Varanasi,368,Medium,Stormy,839.89,Yes
Varanasi,Delhi,681,Medium,Clear,992.54,No
Varanasi,Lucknow,746,High,Foggy,1894.25,Yes
Lucknow,Kanpur,533,Low,Clear,649.94,No
Kanpur,Lucknow,217,Low,Foggy,363.59,Yes
Lucknow,Jaipur,274,Medium,Foggy,554.57,Yes
Agra,Delhi,399,High,Foggy,1016.38,Yes
Allahabad,Agra,799,High,Rainy,1864.3,Yes
Agra,Jaipur,385,Medium,Clear,544.7,No
Allahabad,Kanpur,712,Low,Clear,846.51,No
Varanasi,Jaipur,217,Medium,Clear,315.51,No
Jaipur,Agra,416,High,Clear,750.54,Yes
Agra,Kanpur,302,Medium,Rainy,556.89,Yes
Varanasi,Delhi,496,High,Rainy,1168.02,Yes
Delhi,Lucknow,191,Low,Foggy,335.75,Yes
Kanpur,Allahabad,566,Low,Stormy,1085.33,Yes
Delhi,Agra,747,Medium,Rainy,1399.99,Yes
Kanpur,Varanasi,729,High,Rainy,1712.81,Yes
Varanasi,Allahabad,698,High,Stormy,2022.93,Yes
Varanasi,Kanpur,605,Low,Clear,727.01,No
Jaipur,Delhi,232,High,Clear,421.2,Yes
Allahabad,Lucknow,314,High,Rainy,739.23,Yes
Lucknow,Kanpur,635,High,Rainy,1491.02,Yes
Allahabad,Agra,776,Low,Clear,921.56,No
Jaipur,Kanpur,442,Low,Stormy,857.17,Yes
Lucknow,Jaipur,214,High,Clear,376.99,Yes
Agra,Allahabad,107,High,Stormy,303.37,Yes
Jaipur,Delhi,470,High,Clear,851.91,Yes
Varanasi,Jaipur,159,Low,Stormy,298.56,Yes
Delhi,Agra,209,High,Foggy,523.24,Yes
Jaipur,Allahabad,310,Medium,Clear,439.74,No
Lucknow,Agra,110,Low,Clear,141.15,No
Allahabad,Varanasi,766,Medium,Stormy,1769.9,Yes
Delhi,Varanasi,126,High,Stormy,367.24,Yes
Jaipur,Lucknow,309,Medium,Stormy,721.77,Yes
Delhi,Agra,761,Medium,Stormy,1763.61,Yes
Delhi,Jaipur,615,High,Rainy,1448.33,Yes
Varanasi,Lucknow,753,Low,Stormy,1457.08,Yes
Varanasi,Kanpur,320,Low,Rainy,498.78,Yes
Agra,Allahabad,187,Low,Stormy,371.43,Yes
Lucknow,Allahabad,631,High,Foggy,1596.68,Yes
Varanasi,Allahabad,703,High,Foggy,1774.29,Yes
Allahabad,Agra,390,Medium,Rainy,726.47,Yes
Delhi,Varanasi,149,High,Stormy,431.16,Yes
Jaipur,Lucknow,673,High,Stormy,1928.62,Yes
Kanpur,Agra,758,High,Foggy,1910.35,Yes
Lucknow,Allahabad,502,High,Stormy,1437.01,Yes
Allahabad,Varanasi,232,Medium,Foggy,480.58,Yes
Jaipur,Allahabad,548,High,Rainy,1284.07,Yes
Varanasi,Delhi,390,High,Stormy,1131.32,Yes
Delhi,Varanasi,158,High,Stormy,467.49,Yes
Lucknow,Kanpur,559,High,Clear,1018.29,Yes
Kanpur,Agra,311,Low,Rainy,498.33,Yes
Jaipur,Agra,519,Medium,Foggy,1053.64,Yes
Jaipur,Allahabad,238,High,Rainy,558.79,Yes
Varanasi,Kanpur,685,Low,Rainy,1059.23,Yes
Varanasi,Jaipur,399,Medium,Stormy,927.52,Yes
Kanpur,Agra,321,High,Rainy,751.6,Yes
Delhi,Agra,198,High,Foggy,500.68,Yes
Varanasi,Lucknow,327,Medium,Clear,465.67,No
Kanpur,Delhi,420,Medium,Foggy,856.02,Yes
Varanasi,Kanpur,111,Medium,Rainy,198.83,Yes
Varanasi,Jaipur,733,High,Rainy,1729.96,Yes
Lucknow,Jaipur,653,Low,Rainy,1022.36,Yes
Varanasi,Agra,427,Medium,Rainy,798.05,Yes
Delhi,Agra,549,Low,Foggy,921.32,Yes
Agra,Delhi,549,High,Rainy,1291.02,Yes
Delhi,Varanasi,380,High,Rainy,896.16,Yes
Agra,Kanpur,790,Medium,Clear,1148.1,No
Agra,Delhi,655,High,Clear,1175.63,Yes
Varanasi,Agra,108,High,Clear,193.58,Yes
Varanasi,Lucknow,288,High,Rainy,688.81,Yes
Allahabad,Delhi,189,Low,Rainy,299.44,Yes
Allahabad,Kanpur,777,Medium,Rainy,1463.3,Yes
Lucknow,Delhi,576,Medium,Stormy,1323.98,Yes
Lucknow,Delhi,670,High,Clear,1204.56,Yes
Lucknow,Varanasi,690,High,Foggy,1738.84,Yes
Allahabad,Delhi,213,Low,Clear,266.18,No
Agra,Lucknow,173,High,Stormy,503.02,Yes
Lucknow,Delhi,433,High,Stormy,1249.83,Yes
Jaipur,Agra,183,Low,Clear,214.88,No
Kanpur,Varanasi,283,Medium,Rainy,519.95,Yes
Jaipur,Allahabad,193,Low,Rainy,314.29,Yes
Varanasi,Lucknow,519,Medium,Rainy,977.03,Yes
Agra,Jaipur,153,Medium,Stormy,344.76,Yes
Agra,Varanasi,169,Medium,Rainy,315.95,Yes
Delhi,Jaipur,482,Medium,Foggy,964.43,Yes
Kanpur,Delhi,461,Medium,Rainy,862.03,Yes
Jaipur,Lucknow,481,Low,Foggy,806.9,Yes
